time,nb dead,nb package,numpack,min E,max E
1,0,0,200,4.995097115999974,5.0
2,0,0,200,4.990194231999949,5.0
3,0,0,200,4.985291347999923,5.0
4,0,0,200,4.980388463999898,5.0
5,0,0,200,4.975485579999872,5.0
6,0,0,200,4.9705826959998465,5.0
7,0,0,200,4.965679811999821,5.0
8,0,0,200,4.960776927999795,5.0
9,0,0,200,4.95587404399977,5.0
10,0,0,200,4.950971159999744,5.0
11,0,0,200,4.9460682759997185,5.0
12,0,0,200,4.941165391999693,5.0
13,0,0,200,4.936262507999667,5.0
14,0,0,200,4.931359623999642,5.0
15,0,0,200,4.926456739999616,5.0
16,0,0,200,4.921553855999591,5.0
17,0,0,200,4.916650971999565,5.0
18,0,0,200,4.911748087999539,5.0
19,0,0,200,4.906845203999514,5.0
20,0,0,200,4.901942319999488,5.0
21,0,0,200,4.897039435999463,5.0
22,0,0,200,4.892136551999437,5.0
23,0,0,200,4.8872336679994115,5.0
24,0,0,200,4.882330783999386,5.0
25,0,0,200,4.87742789999936,5.0
26,0,0,200,4.872525015999335,5.0
27,0,0,200,4.867622131999309,5.0
28,0,0,200,4.862719247999284,5.0
29,0,0,200,4.857816363999258,5.0
30,0,0,200,4.852913479999232,5.0
31,0,0,200,4.848010595999207,5.0
32,0,0,200,4.843107711999181,5.0
33,0,0,200,4.838204827999156,5.0
34,0,0,200,4.83330194399913,5.0
35,0,0,200,4.8283990599991045,5.0
36,0,0,200,4.823496175999079,5.0
37,0,0,200,4.818593291999053,5.0
38,0,0,200,4.813690407999028,5.0
39,0,0,200,4.808787523999002,5.0
40,0,0,200,4.8038846399989765,5.0
41,0,0,200,4.798981755998951,5.0
42,0,0,200,4.794078871998925,5.0
43,0,0,200,4.7891759879989,5.0
44,0,0,200,4.784273103998874,5.0
45,0,0,200,4.779370219998849,5.0
46,0,0,200,4.774467335998823,5.0
47,0,0,200,4.769564451998797,5.0
48,0,0,200,4.764661567998772,5.0
49,0,0,200,4.759758683998746,5.0
50,0,0,200,4.754855799998721,5.0
51,0,0,200,4.749952915998695,5.0
52,0,0,200,4.7450500319986695,5.0
53,0,0,200,4.740147147998644,5.0
54,0,0,200,4.735244263998618,5.0
55,0,0,200,4.730341379998593,5.0
56,0,0,200,4.725438495998567,5.0
57,0,0,200,4.7205356119985415,5.0
58,0,0,200,4.715632727998516,5.0
59,0,0,200,4.71072984399849,5.0
60,0,0,200,4.705826959998465,5.0
61,0,0,200,4.700924075998439,5.0
62,0,0,200,4.696021191998414,5.0
63,0,0,200,4.691118307998388,5.0
64,0,0,200,4.686215423998362,5.0
65,0,0,200,4.681312539998337,5.0
66,0,0,200,4.676409655998311,5.0
67,0,0,200,4.671506771998286,5.0
68,0,0,200,4.66660388799826,5.0
69,0,0,200,4.6617010039982345,5.0
70,0,0,200,4.656798119998209,5.0
71,0,0,200,4.651895235998183,5.0
72,0,0,200,4.646992351998158,5.0
73,0,0,200,4.642089467998132,5.0
74,0,0,200,4.637186583998107,5.0
75,0,0,200,4.632283699998081,5.0
76,0,0,200,4.627380815998055,5.0
77,0,0,200,4.62247793199803,5.0
78,0,0,200,4.617575047998004,5.0
79,0,0,200,4.612672163997979,5.0
80,0,0,200,4.607769279997953,5.0
81,0,0,200,4.6028663959979275,5.0
82,0,0,200,4.597963511997902,5.0
83,0,0,200,4.593060627997876,5.0
84,0,0,200,4.588157743997851,5.0
85,0,0,200,4.583254859997825,5.0
86,0,0,200,4.5783519759977995,5.0
87,0,0,200,4.573449091997774,5.0
88,0,0,200,4.568546207997748,5.0
89,0,0,200,4.563643323997723,5.0
90,0,0,200,4.558740439997697,5.0
91,0,0,200,4.553837555997672,5.0
92,0,0,200,4.548934671997646,5.0
93,0,0,200,4.54403178799762,5.0
94,0,0,200,4.539128903997595,5.0
95,0,0,200,4.534226019997569,5.0
96,0,0,200,4.529323135997544,5.0
97,0,0,200,4.524420251997518,5.0
98,0,0,200,4.5195173679974925,5.0
99,0,0,200,4.514614483997467,5.0
100,0,0,200,4.509711599997441,5.0
101,0,0,200,4.504808715997416,5.0
102,0,0,200,4.49990583199739,5.0
103,0,0,200,4.4950029479973646,5.0
104,0,0,200,4.490100063997339,5.0
105,0,0,200,4.485197179997313,5.0
106,0,0,200,4.480294295997288,5.0
107,0,0,200,4.475391411997262,5.0
108,0,0,200,4.470488527997237,5.0
109,0,0,200,4.465585643997211,5.0
110,0,0,200,4.460682759997185,5.0
111,0,0,200,4.45577987599716,5.0
112,0,0,200,4.450876991997134,5.0
113,0,0,200,4.445974107997109,5.0
114,0,0,200,4.441071223997083,5.0
115,0,0,200,4.4361683399970575,5.0
116,0,0,200,4.431265455997032,5.0
117,0,0,200,4.426362571997006,5.0
118,0,0,200,4.421459687996981,5.0
119,0,0,200,4.416556803996955,5.0
120,0,0,200,4.41165391999693,5.0
121,0,0,200,4.406751035996904,5.0
122,0,0,200,4.401848151996878,5.0
123,0,0,200,4.396945267996853,5.0
124,0,0,200,4.392042383996827,5.0
125,0,0,200,4.387139499996802,5.0
126,0,0,200,4.382236615996776,5.0
127,0,0,200,4.3773337319967505,5.0
128,0,0,200,4.372430847996725,5.0
129,0,0,200,4.367527963996699,5.0
130,0,0,200,4.362625079996674,5.0
131,0,0,200,4.357722195996648,5.0
132,0,0,200,4.3528193119966225,5.0
133,0,0,200,4.347916427996597,5.0
134,0,0,200,4.343013543996571,5.0
135,0,0,200,4.338110659996546,5.0
136,0,0,200,4.33320777599652,5.0
137,0,0,200,4.328304891996495,5.0
138,0,0,200,4.323402007996469,5.0
139,0,0,200,4.318499123996443,5.0
140,0,0,200,4.313596239996418,5.0
141,0,0,200,4.308693355996392,5.0
142,0,0,200,4.303790471996367,5.0
143,0,0,200,4.298887587996341,5.0
144,0,0,200,4.2939847039963155,5.0
145,0,0,200,4.28908181999629,5.0
146,0,0,200,4.284178935996264,5.0
147,0,0,200,4.279276051996239,5.0
148,0,0,200,4.274373167996213,5.0
149,0,0,200,4.2694702839961876,5.0
150,0,0,200,4.264567399996162,5.0
151,0,0,200,4.259664515996136,5.0
152,0,0,200,4.254761631996111,5.0
153,0,0,200,4.249858747996085,5.0
154,0,0,200,4.24495586399606,5.0
155,0,0,200,4.240052979996034,5.0
156,0,0,200,4.2351500959960084,5.0
157,0,0,200,4.230247211995983,5.0
158,0,0,200,4.225344327995957,5.0
159,0,0,200,4.220441443995932,5.0
160,0,0,200,4.215538559995906,5.0
161,0,0,200,4.2106356759958805,5.0
162,0,0,200,4.205732791995855,5.0
163,0,0,200,4.200829907995829,5.0
164,0,0,200,4.195927023995804,5.0
165,0,0,200,4.191024139995778,5.0
166,0,0,200,4.186121255995753,5.0
167,0,0,200,4.181218371995727,5.0
168,0,0,200,4.176315487995701,5.0
169,0,0,200,4.171412603995676,5.0
170,0,0,200,4.16650971999565,5.0
171,0,0,200,4.161606835995625,5.0
172,0,0,200,4.156703951995599,5.0
173,0,0,200,4.1518010679955735,5.0
174,0,0,200,4.146898183995548,5.0
175,0,0,200,4.141995299995522,5.0
176,0,0,200,4.137092415995497,5.0
177,0,0,200,4.132189531995471,5.0
178,0,0,200,4.1272866479954455,5.0
179,0,0,200,4.12238376399542,5.0
180,0,0,200,4.117480879995394,5.0
181,0,0,200,4.112577995995369,5.0
182,0,0,200,4.107675111995343,5.0
183,0,0,200,4.102772227995318,5.0
184,0,0,200,4.097869343995292,5.0
185,0,0,200,4.092966459995266,5.0
186,0,0,200,4.088063575995241,5.0
187,0,0,200,4.083160691995215,5.0
188,0,0,200,4.07825780799519,5.0
189,0,0,200,4.073354923995164,5.0
190,0,0,200,4.0684520399951385,5.0
191,0,0,200,4.063549155995113,5.0
192,0,0,200,4.058646271995087,5.0
193,0,0,200,4.053743387995062,5.0
194,0,0,200,4.048840503995036,5.0
195,0,0,200,4.043937619995011,5.0
196,0,0,200,4.039034735994985,5.0
197,0,0,200,4.034131851994959,5.0
198,0,0,200,4.029228967994934,5.0
199,0,0,200,4.024326083994908,5.0
200,0,0,200,4.019423199994883,5.0
201,0,0,200,4.014520315994857,5.0
202,0,0,200,4.0096174319948314,5.0
203,0,0,200,4.004714547994806,5.0
204,0,0,200,3.9998116639947816,5.0
205,0,0,200,3.994908779994786,5.0
206,0,0,200,3.990005895994791,5.0
207,0,0,200,3.9851030119947954,5.0
208,0,0,200,3.9802001279948,5.0
209,0,0,200,3.9752972439948047,5.0
210,0,0,200,3.9703943599948093,5.0
211,0,0,200,3.965491475994814,5.0
212,0,0,200,3.9605885919948185,5.0
213,0,0,200,3.955685707994823,5.0
214,0,0,200,3.9507828239948277,5.0
215,0,0,200,3.9458799399948323,5.0
216,0,0,200,3.940977055994837,5.0
217,0,0,200,3.9360741719948416,5.0
218,0,0,200,3.931171287994846,5.0
219,0,0,200,3.9262684039948508,5.0
220,0,0,200,3.9213655199948554,5.0
221,0,0,200,3.91646263599486,5.0
222,0,0,200,3.9115597519948646,5.0
223,0,0,200,3.906656867994869,5.0
224,0,0,200,3.901753983994874,5.0
225,0,0,200,3.8968510999948784,5.0
226,0,0,200,3.891948215994883,5.0
227,0,0,200,3.8870453319948877,5.0
228,0,0,200,3.8821424479948923,5.0
229,0,0,200,3.877239563994897,5.0
230,0,0,200,3.8723366799949015,5.0
231,0,0,200,3.867433795994906,5.0
232,0,0,200,3.8625309119949107,5.0
233,0,0,200,3.8576280279949153,5.0
234,0,0,200,3.85272514399492,5.0
235,0,0,200,3.8478222599949246,5.0
236,0,0,200,3.842919375994929,5.0
237,0,0,200,3.8380164919949338,5.0
238,0,0,200,3.8331136079949384,5.0
239,0,0,200,3.828210723994943,5.0
240,0,0,200,3.8233078399949476,5.0
241,0,0,200,3.818404955994952,5.0
242,0,0,200,3.813502071994957,5.0
243,0,0,200,3.8085991879949614,5.0
244,0,0,200,3.803696303994966,5.0
245,0,0,200,3.7987934199949707,5.0
246,0,0,200,3.7938905359949753,5.0
247,0,0,200,3.78898765199498,5.0
248,0,0,200,3.7840847679949845,5.0
249,0,0,200,3.779181883994989,5.0
250,0,0,200,3.7742789999949937,5.0
251,0,0,200,3.7693761159949983,5.0
252,0,0,200,3.764473231995003,5.0
253,0,0,200,3.7595703479950076,5.0
254,0,0,200,3.754667463995012,5.0
255,0,0,200,3.7497645799950168,5.0
256,0,0,200,3.7448616959950214,5.0
257,0,0,200,3.739958811995026,5.0
258,0,0,200,3.7350559279950306,5.0
259,0,0,200,3.7301530439950352,5.0
260,0,0,200,3.72525015999504,5.0
261,0,0,200,3.7203472759950444,5.0
262,0,0,200,3.715444391995049,5.0
263,0,0,200,3.7105415079950537,5.0
264,0,0,200,3.7056386239950583,5.0
265,0,0,200,3.700735739995063,5.0
266,0,0,200,3.6958328559950675,5.0
267,0,0,200,3.690929971995072,5.0
268,0,0,200,3.6860270879950767,5.0
269,0,0,200,3.6811242039950813,5.0
270,0,0,200,3.676221319995086,5.0
271,0,0,200,3.6713184359950906,5.0
272,0,0,200,3.666415551995095,5.0
273,0,0,200,3.6615126679951,5.0
274,0,0,200,3.6566097839951044,5.0
275,0,0,200,3.651706899995109,5.0
276,0,0,200,3.6468040159951136,5.0
277,0,0,200,3.6419011319951182,5.0
278,0,0,200,3.636998247995123,5.0
279,0,0,200,3.6320953639951274,5.0
280,0,0,200,3.627192479995132,5.0
281,0,0,200,3.6222895959951367,5.0
282,0,0,200,3.6173867119951413,5.0
283,0,0,200,3.612483827995146,5.0
284,0,0,200,3.6075809439951505,5.0
285,0,0,200,3.602678059995155,5.0
286,0,0,200,3.5977751759951597,5.0
287,0,0,200,3.5928722919951643,5.0
288,0,0,200,3.587969407995169,5.0
289,0,0,200,3.5830665239951736,5.0
290,0,0,200,3.578163639995178,5.0
291,0,0,200,3.573260755995183,5.0
292,0,0,200,3.5683578719951874,5.0
293,0,0,200,3.563454987995192,5.0
294,0,0,200,3.5585521039951966,5.0
295,0,0,200,3.5536492199952012,5.0
296,0,0,200,3.548746335995206,5.0
297,0,0,200,3.5438434519952104,5.0
298,0,0,200,3.538940567995215,5.0
299,0,0,200,3.5340376839952197,5.0
300,0,0,200,3.5291347999952243,5.0
301,0,0,200,3.524231915995229,5.0
302,0,0,200,3.5193290319952335,5.0
303,0,0,200,3.514426147995238,5.0
304,0,0,200,3.5095232639952427,5.0
305,0,0,200,3.5046203799952473,5.0
306,0,0,200,3.499717495995252,5.0
307,0,0,200,3.4948146119952566,5.0
308,0,0,200,3.489911727995261,5.0
309,0,0,200,3.485008843995266,5.0
310,0,0,200,3.4801059599952704,5.0
311,0,0,200,3.475203075995275,5.0
312,0,0,200,3.4703001919952796,5.0
313,0,0,200,3.4653973079952842,5.0
314,0,0,200,3.460494423995289,5.0
315,0,0,200,3.4555915399952934,5.0
316,0,0,200,3.450688655995298,5.0
317,0,0,200,3.4457857719953027,5.0
318,0,0,200,3.4408828879953073,5.0
319,0,0,200,3.435980003995312,5.0
320,0,0,200,3.4310771199953165,5.0
321,0,0,200,3.426174235995321,5.0
322,0,0,200,3.4212713519953257,5.0
323,0,0,200,3.4163684679953303,5.0
324,0,0,200,3.411465583995335,5.0
325,0,0,200,3.4065626999953396,5.0
326,0,0,200,3.401659815995344,5.0
327,0,0,200,3.396756931995349,5.0
328,0,0,200,3.3918540479953534,5.0
329,0,0,200,3.386951163995358,5.0
330,0,0,200,3.3820482799953626,5.0
331,0,0,200,3.3771453959953672,5.0
332,0,0,200,3.372242511995372,5.0
333,0,0,200,3.3673396279953764,5.0
334,0,0,200,3.362436743995381,5.0
335,0,0,200,3.3575338599953857,5.0
336,0,0,200,3.3526309759953903,5.0
337,0,0,200,3.347728091995395,5.0
338,0,0,200,3.3428252079953995,5.0
339,0,0,200,3.337922323995404,5.0
340,0,0,200,3.3330194399954087,5.0
341,0,0,200,3.3281165559954133,5.0
342,0,0,200,3.323213671995418,5.0
343,0,0,200,3.3183107879954226,5.0
344,0,0,200,3.313407903995427,5.0
345,0,0,200,3.308505019995432,5.0
346,0,0,200,3.3036021359954364,5.0
347,0,0,200,3.298699251995441,5.0
348,0,0,200,3.2937963679954456,5.0
349,0,0,200,3.2888934839954502,5.0
350,0,0,200,3.283990599995455,5.0
351,0,0,200,3.2790877159954595,5.0
352,0,0,200,3.274184831995464,5.0
353,0,0,200,3.2692819479954687,5.0
354,0,0,200,3.2643790639954733,5.0
355,0,0,200,3.259476179995478,5.0
356,0,0,200,3.2545732959954825,5.0
357,0,0,200,3.249670411995487,5.0
358,0,0,200,3.2447675279954917,5.0
359,0,0,200,3.2398646439954963,5.0
360,0,0,200,3.234961759995501,5.0
361,0,0,200,3.2300588759955056,5.0
362,0,0,200,3.22515599199551,5.0
363,0,0,200,3.220253107995515,5.0
364,0,0,200,3.2153502239955194,5.0
365,0,0,200,3.210447339995524,5.0
366,0,0,200,3.2055444559955286,5.0
367,0,0,200,3.2006415719955332,5.0
368,0,0,200,3.195738687995538,5.0
369,0,0,200,3.1908358039955425,5.0
370,0,0,200,3.185932919995547,5.0
371,0,0,200,3.1810300359955517,5.0
372,0,0,200,3.1761271519955563,5.0
373,0,0,200,3.171224267995561,5.0
374,0,0,200,3.1663213839955655,5.0
375,0,0,200,3.16141849999557,5.0
376,0,0,200,3.1565156159955747,5.0
377,0,0,200,3.1516127319955793,5.0
378,0,0,200,3.146709847995584,5.0
379,0,0,200,3.1418069639955886,5.0
380,0,0,200,3.136904079995593,5.0
381,0,0,200,3.132001195995598,5.0
382,0,0,200,3.1270983119956024,5.0
383,0,0,200,3.122195427995607,5.0
384,0,0,200,3.1172925439956116,5.0
385,0,0,200,3.1123896599956162,5.0
386,0,0,200,3.107486775995621,5.0
387,0,0,200,3.1025838919956255,5.0
388,0,0,200,3.09768100799563,5.0
389,0,0,200,3.0927781239956347,5.0
390,0,0,200,3.0878752399956393,5.0
391,0,0,200,3.082972355995644,5.0
392,0,0,200,3.0780694719956485,5.0
393,0,0,200,3.073166587995653,5.0
394,0,0,200,3.0682637039956577,5.0
395,0,0,200,3.0633608199956623,5.0
396,0,0,200,3.058457935995667,5.0
397,0,0,200,3.0535550519956716,5.0
398,0,0,200,3.048652167995676,5.0
399,0,0,200,3.043749283995681,5.0
400,0,0,200,3.0388463999956854,5.0
401,0,0,200,3.03394351599569,5.0
402,0,0,200,3.0290406319956946,5.0
403,0,0,200,3.0241377479956992,5.0
404,0,0,200,3.019234863995704,5.0
405,0,0,200,3.0143319799957085,5.0
406,0,0,200,3.009429095995713,5.0
407,0,0,200,3.0045262119957177,5.0
408,0,0,200,2.9996233279957223,5.0
409,0,0,200,2.994720443995727,5.0
410,0,0,200,2.9898175599957315,5.0
411,0,0,200,2.984914675995736,5.0
412,0,0,200,2.9800117919957407,5.0
413,0,0,200,2.9751089079957453,5.0
414,0,0,200,2.97020602399575,5.0
415,0,0,200,2.9653031399957546,5.0
416,0,0,200,2.960400255995759,5.0
417,0,0,200,2.955497371995764,5.0
418,0,0,200,2.9505944879957684,5.0
419,0,0,200,2.945691603995773,5.0
420,0,0,200,2.9407887199957776,5.0
421,0,0,200,2.9358858359957822,5.0
422,0,0,200,2.930982951995787,5.0
423,0,0,200,2.9260800679957915,5.0
424,0,0,200,2.921177183995796,5.0
425,0,0,200,2.9162742999958007,5.0
426,0,0,200,2.9113714159958053,5.0
427,0,0,200,2.90646853199581,5.0
428,0,0,200,2.9015656479958145,5.0
429,0,0,200,2.896662763995819,5.0
430,0,0,200,2.8917598799958237,5.0
431,0,0,200,2.8868569959958283,5.0
432,0,0,200,2.881954111995833,5.0
433,0,0,200,2.8770512279958376,5.0
434,0,0,200,2.872148343995842,5.0
435,0,0,200,2.867245459995847,5.0
436,0,0,200,2.8623425759958514,5.0
437,0,0,200,2.857439691995856,5.0
438,0,0,200,2.8525368079958606,5.0
439,0,0,200,2.8476339239958652,5.0
440,0,0,200,2.84273103999587,5.0
441,0,0,200,2.8378281559958745,5.0
442,0,0,200,2.832925271995879,5.0
443,0,0,200,2.8280223879958837,5.0
444,0,0,200,2.8231195039958883,5.0
445,0,0,200,2.818216619995893,5.0
446,0,0,200,2.8133137359958975,5.0
447,0,0,200,2.808410851995902,5.0
448,0,0,200,2.8035079679959067,5.0
449,0,0,200,2.7986050839959113,5.0
450,0,0,200,2.793702199995916,5.0
451,0,0,200,2.7887993159959206,5.0
452,0,0,200,2.783896431995925,5.0
453,0,0,200,2.77899354799593,5.0
454,0,0,200,2.7740906639959344,5.0
455,0,0,200,2.769187779995939,5.0
456,0,0,200,2.7642848959959436,5.0
457,0,0,200,2.7593820119959482,5.0
458,0,0,200,2.754479127995953,5.0
459,0,0,200,2.7495762439959575,5.0
460,0,0,200,2.744673359995962,5.0
461,0,0,200,2.7397704759959667,5.0
462,0,0,200,2.7348675919959713,5.0
463,0,0,200,2.729964707995976,5.0
464,0,0,200,2.7250618239959805,5.0
465,0,0,200,2.720158939995985,5.0
466,0,0,200,2.7152560559959897,5.0
467,0,0,200,2.7103531719959943,5.0
468,0,0,200,2.705450287995999,5.0
469,0,0,200,2.7005474039960036,5.0
470,0,0,200,2.695644519996008,5.0
471,0,0,200,2.690741635996013,5.0
472,0,0,200,2.6858387519960174,5.0
473,0,0,200,2.680935867996022,5.0
474,0,0,200,2.6760329839960266,5.0
475,0,0,200,2.6711300999960312,5.0
476,0,0,200,2.666227215996036,5.0
477,0,0,200,2.6613243319960405,5.0
478,0,0,200,2.656421447996045,5.0
479,0,0,200,2.6515185639960497,5.0
480,0,0,200,2.6466156799960543,5.0
481,0,0,200,2.641712795996059,5.0
482,0,0,200,2.6368099119960635,5.0
483,0,0,200,2.631907027996068,5.0
484,0,0,200,2.6270041439960727,5.0
485,0,0,200,2.6221012599960773,5.0
486,0,0,200,2.617198375996082,5.0
487,0,0,200,2.6122954919960866,5.0
488,0,0,200,2.607392607996091,5.0
489,0,0,200,2.602489723996096,5.0
490,0,0,200,2.5975868399961004,5.0
491,0,0,200,2.592683955996105,5.0
492,0,0,200,2.5877810719961096,5.0
493,0,0,200,2.5828781879961142,5.0
494,0,0,200,2.577975303996119,5.0
495,0,0,200,2.5730724199961235,5.0
496,0,0,200,2.568169535996128,5.0
497,0,0,200,2.5632666519961327,5.0
498,0,0,200,2.5583637679961373,5.0
499,0,0,200,2.553460883996142,5.0
500,0,0,200,2.5485579999961465,5.0
501,0,0,200,2.543655115996151,5.0
502,0,0,200,2.5387522319961557,5.0
503,0,0,200,2.5338493479961604,5.0
504,0,0,200,2.528946463996165,5.0
505,0,0,200,2.5240435799961696,5.0
506,0,0,200,2.519140695996174,5.0
507,0,0,200,2.514237811996179,5.0
508,0,0,200,2.5093349279961834,5.0
509,0,0,200,2.504432043996188,5.0
510,0,0,200,2.4995291599961926,5.0
511,0,0,200,2.4946262759961972,5.0
512,0,0,200,2.489723391996202,5.0
513,0,0,200,2.4848205079962065,5.0
514,0,0,200,2.479917623996211,5.0
515,0,0,200,2.4750147399962157,5.0
516,0,0,200,2.4701118559962203,5.0
517,0,0,200,2.465208971996225,5.0
518,0,0,200,2.4603060879962295,5.0
519,0,0,200,2.455403203996234,5.0
520,0,0,200,2.4505003199962387,5.0
521,0,0,200,2.4455974359962434,5.0
522,0,0,200,2.440694551996248,5.0
523,0,0,200,2.4357916679962526,5.0
524,0,0,200,2.430888783996257,5.0
525,0,0,200,2.425985899996262,5.0
526,0,0,200,2.4210830159962664,5.0
527,0,0,200,2.416180131996271,5.0
528,0,0,200,2.4112772479962756,5.0
529,0,0,200,2.4063743639962802,5.0
530,0,0,200,2.401471479996285,5.0
531,0,0,200,2.3965685959962895,5.0
532,0,0,200,2.391665711996294,5.0
533,0,0,200,2.3867628279962987,5.0
534,0,0,200,2.3818599439963033,5.0
535,0,0,200,2.376957059996308,5.0
536,0,0,200,2.3720541759963125,5.0
537,0,0,200,2.367151291996317,5.0
538,0,0,200,2.3622484079963217,5.0
539,0,0,200,2.3573455239963264,5.0
540,0,0,200,2.352442639996331,5.0
541,0,0,200,2.3475397559963356,5.0
542,0,0,200,2.34263687199634,5.0
543,0,0,200,2.337733987996345,5.0
544,0,0,200,2.3328311039963494,5.0
545,0,0,200,2.327928219996354,5.0
546,0,0,200,2.3230253359963586,5.0
547,0,0,200,2.3181224519963632,5.0
548,0,0,200,2.313219567996368,5.0
549,0,0,200,2.3083166839963725,5.0
550,0,0,200,2.303413799996377,5.0
551,0,0,200,2.2985109159963817,5.0
552,0,0,200,2.2936080319963863,5.0
553,0,0,200,2.288705147996391,5.0
554,0,0,200,2.2838022639963955,5.0
555,0,0,200,2.2788993799964,5.0
556,0,0,200,2.2739964959964047,5.0
557,0,0,200,2.2690936119964094,5.0
558,0,0,200,2.264190727996414,5.0
559,0,0,200,2.2592878439964186,5.0
560,0,0,200,2.254384959996423,5.0
561,0,0,200,2.249482075996428,5.0
562,0,0,200,2.2445791919964324,5.0
563,0,0,200,2.239676307996437,5.0
564,0,0,200,2.2347734239964416,5.0
565,0,0,200,2.2298705399964462,5.0
566,0,0,200,2.224967655996451,5.0
567,0,0,200,2.2200647719964555,5.0
568,0,0,200,2.21516188799646,5.0
569,0,0,200,2.2102590039964647,5.0
570,0,0,200,2.2053561199964693,5.0
571,0,0,200,2.200453235996474,5.0
572,0,0,200,2.1955503519964785,5.0
573,0,0,200,2.190647467996483,5.0
574,0,0,200,2.1857445839964877,5.0
575,0,0,200,2.1808416999964924,5.0
576,0,0,200,2.175938815996497,5.0
577,0,0,200,2.1710359319965016,5.0
578,0,0,200,2.166133047996506,5.0
579,0,0,200,2.161230163996511,5.0
580,0,0,200,2.1563272799965154,5.0
581,0,0,200,2.15142439599652,5.0
582,0,0,200,2.1465215119965246,5.0
583,0,0,200,2.1416186279965292,5.0
584,0,0,200,2.136715743996534,5.0
585,0,0,200,2.1318128599965385,5.0
586,0,0,200,2.126909975996543,5.0
587,0,0,200,2.1220070919965477,5.0
588,0,0,200,2.1171042079965523,5.0
589,0,0,200,2.112201323996557,5.0
590,0,0,200,2.1072984399965615,5.0
591,0,0,200,2.102395555996566,5.0
592,0,0,200,2.0974926719965707,5.0
593,0,0,200,2.0925897879965754,5.0
594,0,0,200,2.08768690399658,5.0
595,0,0,200,2.0827840199965846,5.0
596,0,0,200,2.077881135996589,5.0
597,0,0,200,2.072978251996594,5.0
598,0,0,200,2.0680753679965984,5.0
599,0,0,200,2.063172483996603,5.0
600,0,0,200,2.0582695999966076,5.0
601,0,0,200,2.0533667159966122,5.0
602,0,0,200,2.048463831996617,5.0
603,0,0,200,2.0435609479966215,5.0
604,0,0,200,2.038658063996626,5.0
605,0,0,200,2.0337551799966307,5.0
606,0,0,200,2.0288522959966353,5.0
607,0,0,200,2.02394941199664,5.0
608,0,0,200,2.0190465279966445,5.0
609,0,0,200,2.014143643996649,5.0
610,0,0,200,2.0092407599966537,5.0
611,0,0,200,2.0043378759966584,5.0
612,0,0,200,1.9994349919966632,5.0
613,0,0,200,1.994532107996668,5.0
614,0,0,200,1.9896292239966729,5.0
615,0,0,200,1.9847263399966777,5.0
616,0,0,200,1.9798234559966825,5.0
617,0,0,200,1.9749205719966874,5.0
618,0,0,200,1.9700176879966922,5.0
619,0,0,200,1.965114803996697,5.0
620,0,0,200,1.9602119199967019,5.0
621,0,0,200,1.9553090359967067,5.0
622,0,0,200,1.9504061519967115,5.0
623,0,0,200,1.9455032679967164,5.0
624,0,0,200,1.9406003839967212,5.0
625,0,0,200,1.935697499996726,5.0
626,0,0,200,1.9307946159967309,5.0
627,0,0,200,1.9258917319967357,5.0
628,0,0,200,1.9209888479967405,5.0
629,0,0,200,1.9160859639967454,5.0
630,0,0,200,1.9111830799967502,5.0
631,0,0,200,1.906280195996755,5.0
632,0,0,200,1.9013773119967599,5.0
633,0,0,200,1.8964744279967647,5.0
634,0,0,200,1.8915715439967695,5.0
635,0,0,200,1.8866686599967744,5.0
636,0,0,200,1.8817657759967792,5.0
637,0,0,200,1.876862891996784,5.0
638,0,0,200,1.8719600079967889,5.0
639,0,0,200,1.8670571239967937,5.0
640,0,0,200,1.8621542399967985,5.0
641,0,0,200,1.8572513559968034,5.0
642,0,0,200,1.8523484719968082,5.0
643,0,0,200,1.847445587996813,5.0
644,0,0,200,1.8425427039968179,5.0
645,0,0,200,1.8376398199968227,5.0
646,0,0,200,1.8327369359968275,5.0
647,0,0,200,1.8278340519968324,5.0
648,0,0,200,1.8229311679968372,5.0
649,0,0,200,1.818028283996842,5.0
650,0,0,200,1.8131253999968469,5.0
651,0,0,200,1.8082225159968517,5.0
652,0,0,200,1.8033196319968565,5.0
653,0,0,200,1.7984167479968614,5.0
654,0,0,200,1.7935138639968662,5.0
655,0,0,200,1.788610979996871,5.0
656,0,0,200,1.7837080959968759,5.0
657,0,0,200,1.7788052119968807,5.0
658,0,0,200,1.7739023279968855,5.0
659,0,0,200,1.7689994439968904,5.0
660,0,0,200,1.7640965599968952,5.0
661,0,0,200,1.7591936759969,5.0
662,0,0,200,1.7542907919969049,5.0
663,0,0,200,1.7493879079969097,5.0
664,0,0,200,1.7444850239969145,5.0
665,0,0,200,1.7395821399969194,5.0
666,0,0,200,1.7346792559969242,5.0
667,0,0,200,1.729776371996929,5.0
668,0,0,200,1.7248734879969339,5.0
669,0,0,200,1.7199706039969387,5.0
670,0,0,200,1.7150677199969435,5.0
671,0,0,200,1.7101648359969484,5.0
672,0,0,200,1.7052619519969532,5.0
673,0,0,200,1.700359067996958,5.0
674,0,0,200,1.6954561839969629,5.0
675,0,0,200,1.6905532999969677,5.0
676,0,0,200,1.6856504159969725,5.0
677,0,0,200,1.6807475319969774,5.0
678,0,0,200,1.6758446479969822,5.0
679,0,0,200,1.670941763996987,5.0
680,0,0,200,1.6660388799969919,5.0
681,0,0,200,1.6611359959969967,5.0
682,0,0,200,1.6562331119970015,5.0
683,0,0,200,1.6513302279970064,5.0
684,0,0,200,1.6464273439970112,5.0
685,0,0,200,1.641524459997016,5.0
686,0,0,200,1.6366215759970208,5.0
687,0,0,200,1.6317186919970257,5.0
688,0,0,200,1.6268158079970305,5.0
689,0,0,200,1.6219129239970353,5.0
690,0,0,200,1.6170100399970402,5.0
691,0,0,200,1.612107155997045,5.0
692,0,0,200,1.6072042719970498,5.0
693,0,0,200,1.6023013879970547,5.0
694,0,0,200,1.5973985039970595,5.0
695,0,0,200,1.5924956199970643,5.0
696,0,0,200,1.5875927359970692,5.0
697,0,0,200,1.582689851997074,5.0
698,0,0,200,1.5777869679970788,5.0
699,0,0,200,1.5728840839970837,5.0
700,0,0,200,1.5679811999970885,5.0
701,0,0,200,1.5630783159970933,5.0
702,0,0,200,1.5581754319970982,5.0
703,0,0,200,1.553272547997103,5.0
704,0,0,200,1.5483696639971078,5.0
705,0,0,200,1.5434667799971127,5.0
706,0,0,200,1.5385638959971175,5.0
707,0,0,200,1.5336610119971223,5.0
708,0,0,200,1.5287581279971272,5.0
709,0,0,200,1.523855243997132,5.0
710,0,0,200,1.5189523599971368,5.0
711,0,0,200,1.5140494759971417,5.0
712,0,0,200,1.5091465919971465,5.0
713,0,0,200,1.5042437079971513,5.0
714,0,0,200,1.4993408239971562,5.0
715,0,0,200,1.494437939997161,5.0
716,0,0,200,1.4895350559971658,5.0
717,0,0,200,1.4846321719971707,5.0
718,0,0,200,1.4797292879971755,5.0
719,0,0,200,1.4748264039971803,5.0
720,0,0,200,1.4699235199971852,5.0
721,0,0,200,1.46502063599719,5.0
722,0,0,200,1.4601177519971948,5.0
723,0,0,200,1.4552148679971997,5.0
724,0,0,200,1.4503119839972045,5.0
725,0,0,200,1.4454090999972093,5.0
726,0,0,200,1.4405062159972142,5.0
727,0,0,200,1.435603331997219,5.0
728,0,0,200,1.4307004479972238,5.0
729,0,0,200,1.4257975639972287,5.0
730,0,0,200,1.4208946799972335,5.0
731,0,0,200,1.4159917959972383,5.0
732,0,0,200,1.4110889119972432,5.0
733,0,0,200,1.406186027997248,5.0
734,0,0,200,1.4012831439972528,5.0
735,0,0,200,1.3963802599972577,5.0
736,0,0,200,1.3914773759972625,5.0
737,0,0,200,1.3865744919972673,5.0
738,0,0,200,1.3816716079972722,5.0
739,0,0,200,1.376768723997277,5.0
740,0,0,200,1.3718658399972818,5.0
741,0,0,200,1.3728722257525598,5.0
742,0,0,200,1.3738786115078379,5.0
743,0,0,200,1.3748849972631159,5.0
744,0,0,200,1.3758913830183939,5.0
745,0,0,200,1.3768977687736719,5.0
746,0,0,200,1.3779041545289499,5.0
747,0,0,200,1.3789105402842279,5.0
748,0,0,200,1.3799169260395059,5.0
749,0,0,200,1.380923311794784,5.0
750,0,0,200,1.381929697550062,5.0
751,0,0,200,1.38293608330534,5.0
752,0,0,200,1.383942469060618,5.0
753,0,0,200,1.384948854815896,5.0
754,0,0,200,1.385955240571174,5.0
755,0,0,200,1.386961626326452,5.0
756,0,0,200,1.38796801208173,5.0
757,0,0,200,1.388974397837008,5.0
758,0,0,200,1.389980783592286,5.0
759,0,0,200,1.390987169347564,5.0
760,0,0,200,1.391993555102842,5.0
761,0,0,200,1.39299994085812,5.0
762,0,0,200,1.394006326613398,5.0
763,0,0,200,1.395012712368676,5.0
764,0,0,200,1.396019098123954,5.0
765,0,0,200,1.397025483879232,5.0
766,0,0,200,1.39803186963451,5.0
767,0,0,200,1.399038255389788,5.0
768,0,0,200,1.400044641145066,5.0
769,0,0,200,1.401051026900344,5.0
770,0,0,200,1.402057412655622,5.0
771,0,0,200,1.4030637984109,5.0
772,0,0,200,1.404070184166178,5.0
773,0,0,200,1.405076569921456,5.0
774,0,0,200,1.406082955676734,5.0
775,0,0,200,1.407089341432012,5.0
776,0,0,200,1.40809572718729,5.0
777,0,0,200,1.409102112942568,5.0
778,0,0,200,1.410108498697846,5.0
779,0,0,200,1.411114884453124,5.0
780,0,0,200,1.412121270208402,5.0
781,0,0,200,1.41312765596368,5.0
782,0,0,200,1.414134041718958,5.0
783,0,0,200,1.415140427474236,5.0
784,0,0,200,1.416146813229514,5.0
785,0,0,200,1.417153198984792,5.0
786,0,0,200,1.41815958474007,5.0
787,0,0,200,1.419165970495348,5.0
788,0,0,200,1.420172356250626,5.0
789,0,0,200,1.421178742005904,5.0
790,0,0,200,1.422185127761182,5.0
791,0,0,200,1.4231915135164601,5.0
792,0,0,200,1.4241978992717381,5.0
793,0,0,200,1.4252042850270161,5.0
794,0,0,200,1.4262106707822941,5.0
795,0,0,200,1.4272170565375721,5.0
796,0,0,200,1.4282234422928501,5.0
797,0,0,200,1.4292298280481281,5.0
798,0,0,200,1.4302362138034062,5.0
799,0,0,200,1.4312425995586842,5.0
800,0,0,200,1.4322489853139622,5.0
801,0,0,200,1.4332553710692402,5.0
802,0,0,200,1.4342617568245182,5.0
803,0,0,200,1.4352681425797962,5.0
804,0,0,200,1.4362745283350742,5.0
805,0,0,200,1.4372809140903522,5.0
806,0,0,200,1.4382872998456302,5.0
807,0,0,200,1.4392936856009082,5.0
808,0,0,200,1.4403000713561862,5.0
809,0,0,200,1.4413064571114642,5.0
810,0,0,200,1.4423128428667422,5.0
811,0,0,200,1.4433192286220202,5.0
812,0,0,200,1.4443256143772982,5.0
813,0,0,200,1.4453320001325762,5.0
814,0,0,200,1.4463383858878542,5.0
815,0,0,200,1.4473447716431322,5.0
816,0,0,200,1.4483511573984102,5.0
817,0,0,200,1.4493575431536883,5.0
818,0,0,200,1.4503639289089663,5.0
819,0,0,200,1.4513703146642443,5.0
820,0,0,200,1.4523767004195223,5.0
821,0,0,200,1.4533830861748003,5.0
822,0,0,200,1.4543894719300783,5.0
823,0,0,200,1.4553958576853563,5.0
824,0,0,200,1.4564022434406343,5.0
825,0,0,200,1.4574086291959123,5.0
826,0,0,200,1.4584150149511903,5.0
827,0,0,200,1.4594214007064683,5.0
828,0,0,200,1.4604277864617463,5.0
829,0,0,200,1.4614341722170243,5.0
830,0,0,200,1.4624405579723023,5.0
831,0,0,200,1.4634469437275803,5.0
832,0,0,200,1.4644533294828583,5.0
833,0,0,200,1.4654597152381363,5.0
834,0,0,200,1.4664661009934143,5.0
835,0,0,200,1.4674724867486924,5.0
836,0,0,200,1.4684788725039704,5.0
837,0,0,200,1.4694852582592484,5.0
838,0,0,200,1.4704916440145264,5.0
839,0,0,200,1.4714980297698044,5.0
840,0,0,200,1.4725044155250824,5.0
841,0,0,200,1.4735108012803604,5.0
842,0,0,200,1.4745171870356384,5.0
843,0,0,200,1.4755235727909164,5.0
844,0,0,200,1.4765299585461944,5.0
845,0,0,200,1.4775363443014724,5.0
846,0,0,200,1.4785427300567504,5.0
847,0,0,200,1.4795491158120284,5.0
848,0,0,200,1.4805555015673064,5.0
849,0,0,200,1.4815618873225844,5.0
850,0,0,200,1.4825682730778624,5.0
851,0,0,200,1.4835746588331404,5.0
852,0,0,200,1.4845810445884184,5.0
853,0,0,200,1.4855874303436964,5.0
854,0,0,200,1.4865938160989745,5.0
855,0,0,200,1.4876002018542525,5.0
856,0,0,200,1.4886065876095305,5.0
857,0,0,200,1.4896129733648085,5.0
858,0,0,200,1.4906193591200865,5.0
859,0,0,200,1.4916257448753645,5.0
860,0,0,200,1.4926321306306425,5.0
861,0,0,200,1.4936385163859205,5.0
862,0,0,200,1.4946449021411985,5.0
863,0,0,200,1.4956512878964765,5.0
864,0,0,200,1.4966576736517545,5.0
865,0,0,200,1.4976640594070325,5.0
866,0,0,200,1.4986704451623105,5.0
867,0,0,200,1.4937675611623153,5.0
868,0,0,200,1.4888646771623202,5.0
869,0,0,200,1.483961793162325,5.0
870,0,0,200,1.4790589091623298,5.0
871,0,0,200,1.4741560251623347,5.0
872,0,0,200,1.4692531411623395,5.0
873,0,0,200,1.4643502571623443,5.0
874,0,0,200,1.4594473731623492,5.0
875,0,0,200,1.454544489162354,5.0
876,0,0,200,1.4496416051623588,5.0
877,0,0,200,1.4447387211623637,5.0
878,0,0,200,1.4398358371623685,5.0
879,0,0,200,1.4349329531623733,5.0
880,0,0,200,1.4300300691623782,5.0
881,0,0,200,1.425127185162383,5.0
882,0,0,200,1.4202243011623878,5.0
883,0,0,200,1.4153214171623927,5.0
884,0,0,200,1.4104185331623975,5.0
885,0,0,200,1.4055156491624023,5.0
886,0,0,200,1.4006127651624072,5.0
887,0,0,200,1.395709881162412,5.0
888,0,0,200,1.3959169253626196,5.0
889,0,0,200,1.3961239695628271,5.0
890,0,0,200,1.3963310137630347,5.0
891,0,0,200,1.3965380579632423,5.0
892,0,0,200,1.3967451021634498,5.0
893,0,0,200,1.3969521463636574,5.0
894,0,0,200,1.397159190563865,5.0
895,0,0,200,1.3973662347640725,5.0
896,0,0,200,1.39757327896428,5.0
897,0,0,200,1.3977803231644876,5.0
898,0,0,200,1.3979873673646952,5.0
899,0,0,200,1.3981944115649028,5.0
900,0,0,200,1.3984014557651103,5.0
901,0,0,200,1.3986084999653179,5.0
902,0,0,200,1.3988155441655254,5.0
903,0,0,200,1.399022588365733,5.0
904,0,0,200,1.3992296325659406,5.0
905,0,0,200,1.3994366767661481,5.0
906,0,0,200,1.3996437209663557,5.0
907,0,0,200,1.3998507651665633,5.0
908,0,0,200,1.4000578093667708,5.0
909,0,0,200,1.4002648535669784,5.0
910,0,0,200,1.400471897767186,5.0
911,0,0,200,1.4006789419673935,5.0
912,0,0,200,1.400885986167601,5.0
913,0,0,200,1.4010930303678086,5.0
914,0,0,200,1.4013000745680162,5.0
915,0,0,200,1.4015071187682238,5.0
916,0,0,200,1.4017141629684313,5.0
917,0,0,200,1.4019212071686389,5.0
918,0,0,200,1.4021282513688464,5.0
919,0,0,200,1.402335295569054,5.0
920,0,0,200,1.4025423397692616,5.0
921,0,0,200,1.4027493839694691,5.0
922,0,0,200,1.4029564281696767,5.0
923,0,0,200,1.4031634723698843,5.0
924,0,0,200,1.4033705165700918,5.0
925,0,0,200,1.4035775607702994,5.0
926,0,0,200,1.403784604970507,5.0
927,0,0,200,1.4039916491707145,5.0
928,0,0,200,1.404198693370922,5.0
929,0,0,200,1.4044057375711296,5.0
930,0,0,200,1.4046127817713372,5.0
931,0,0,200,1.4048198259715448,5.0
932,0,0,200,1.4050268701717523,5.0
933,0,0,200,1.4052339143719599,5.0
934,0,0,200,1.4054409585721674,5.0
935,0,0,200,1.405648002772375,5.0
936,0,0,200,1.4058550469725826,5.0
937,0,0,200,1.4060620911727901,5.0
938,0,0,200,1.4062691353729977,5.0
939,0,0,200,1.4064761795732053,5.0
940,0,0,200,1.4066832237734128,5.0
941,0,0,200,1.4068902679736204,5.0
942,0,0,200,1.407097312173828,5.0
943,0,0,200,1.4073043563740355,5.0
944,0,0,200,1.407511400574243,5.0
945,0,0,200,1.4077184447744506,5.0
946,0,0,200,1.4079254889746582,5.0
947,0,0,200,1.4081325331748658,5.0
948,0,0,200,1.4083395773750733,5.0
949,0,0,200,1.4085466215752809,5.0
950,0,0,200,1.4087536657754884,5.0
951,0,0,200,1.408960709975696,5.0
952,0,0,200,1.4091677541759036,5.0
953,0,0,200,1.4093747983761111,5.0
954,0,0,200,1.4095818425763187,5.0
955,0,0,200,1.4097888867765263,5.0
956,0,0,200,1.4099959309767338,5.0
957,0,0,200,1.4102029751769414,5.0
958,0,0,200,1.410410019377149,5.0
959,0,0,200,1.4106170635773565,5.0
960,0,0,200,1.410824107777564,5.0
961,0,0,200,1.4110311519777716,5.0
962,0,0,200,1.4112381961779792,5.0
963,0,0,200,1.4114452403781867,5.0
964,0,0,200,1.4116522845783943,5.0
965,0,0,200,1.4118593287786019,5.0
966,0,0,200,1.4120663729788094,5.0
967,0,0,200,1.412273417179017,5.0
968,0,0,200,1.4124804613792246,5.0
969,0,0,200,1.4126875055794321,5.0
970,0,0,200,1.4128945497796397,5.0
971,0,0,200,1.4131015939798472,5.0
972,0,0,200,1.4133086381800548,5.0
973,0,0,200,1.4135156823802624,5.0
974,0,0,200,1.41372272658047,5.0
975,0,0,200,1.4139297707806775,5.0
976,0,0,200,1.414136814980885,5.0
977,0,0,200,1.4143438591810926,5.0
978,0,0,200,1.4145509033813002,5.0
979,0,0,200,1.4147579475815077,5.0
980,0,0,200,1.4149649917817153,5.0
981,0,0,200,1.4151720359819229,5.0
982,0,0,200,1.4153790801821304,5.0
983,0,0,200,1.415586124382338,5.0
984,0,0,200,1.4157931685825456,5.0
985,0,0,200,1.4160002127827531,5.0
986,0,0,200,1.4162072569829607,5.0
987,0,0,200,1.4164143011831682,5.0
988,0,0,200,1.4166213453833758,5.0
989,0,0,200,1.4168283895835834,5.0
990,0,0,200,1.417035433783791,5.0
991,0,0,200,1.4172424779839985,5.0
992,0,0,200,1.417449522184206,5.0
993,0,0,200,1.4176565663844136,5.0
994,0,0,200,1.4178636105846212,5.0
995,0,0,200,1.4180706547848287,5.0
996,0,0,200,1.4182776989850363,5.0
997,0,0,200,1.4184847431852439,5.0
998,0,0,200,1.4186917873854514,5.0
999,0,0,200,1.4137889033854563,5.0
1000,0,0,200,1.408886019385461,5.0
1001,0,0,200,1.403983135385466,5.0
1002,0,0,200,1.3990802513854708,5.0
1003,0,0,200,1.3941773673854756,5.0
1004,0,0,200,1.3892744833854804,5.0
1005,0,0,200,1.3843715993854853,5.0
1006,0,0,200,1.37946871538549,5.0
1007,0,0,200,1.374565831385495,5.0
1008,0,0,200,1.3696629473854998,5.0
1009,0,0,200,1.3647600633855046,5.0
1010,0,0,200,1.3598571793855094,5.0
1011,0,0,200,1.3549542953855143,5.0
1012,0,0,200,1.350051411385519,5.0
1013,0,0,200,1.345148527385524,5.0
1014,0,0,200,1.3402456433855288,5.0
1015,0,0,200,1.3353427593855336,5.0
1016,0,0,200,1.3304398753855384,5.0
1017,0,0,200,1.3255369913855433,5.0
1018,0,0,200,1.320634107385548,5.0
1019,0,0,200,1.315731223385553,5.0
1020,0,0,200,1.316737609140831,5.0
1021,0,0,200,1.317743994896109,5.0
1022,0,0,200,1.318750380651387,5.0
1023,0,0,200,1.319756766406665,5.0
1024,0,0,200,1.320763152161943,5.0
1025,0,0,200,1.321769537917221,5.0
1026,0,0,200,1.322775923672499,5.0
1027,0,0,200,1.323782309427777,5.0
1028,0,0,200,1.324788695183055,5.0
1029,0,0,200,1.325795080938333,5.0
1030,0,0,200,1.326801466693611,5.0
1031,0,0,200,1.327807852448889,5.0
1032,0,0,200,1.328814238204167,5.0
1033,0,0,200,1.329820623959445,5.0
1034,0,0,200,1.330827009714723,5.0
1035,0,0,200,1.331833395470001,5.0
1036,0,0,200,1.332839781225279,5.0
1037,0,0,200,1.333846166980557,5.0
1038,0,0,200,1.334852552735835,5.0
1039,0,0,200,1.335858938491113,5.0
1040,0,0,200,1.336865324246391,5.0
1041,0,0,200,1.337871710001669,5.0
1042,0,0,200,1.338878095756947,5.0
1043,0,0,200,1.339884481512225,5.0
1044,0,0,200,1.340890867267503,5.0
1045,0,0,200,1.341897253022781,5.0
1046,0,0,200,1.342903638778059,5.0
1047,0,0,200,1.343910024533337,5.0
1048,0,0,200,1.344916410288615,5.0
1049,0,0,200,1.345922796043893,5.0
1050,0,0,200,1.346929181799171,5.0
1051,0,0,200,1.347935567554449,5.0
1052,0,0,200,1.348941953309727,5.0
1053,0,0,200,1.349948339065005,5.0
1054,0,0,200,1.3509547248202831,5.0
1055,0,0,200,1.3519611105755611,5.0
1056,0,0,200,1.3529674963308391,5.0
1057,0,0,200,1.3539738820861171,5.0
1058,0,0,200,1.3549802678413951,5.0
1059,0,0,200,1.3559866535966731,5.0
1060,0,0,200,1.3569930393519511,5.0
1061,0,0,200,1.3579994251072292,5.0
1062,0,0,200,1.3590058108625072,5.0
1063,0,0,200,1.3600121966177852,5.0
1064,0,0,200,1.3610185823730632,5.0
1065,0,0,200,1.3620249681283412,5.0
1066,0,0,200,1.3630313538836192,5.0
1067,0,0,200,1.3640377396388972,5.0
1068,0,0,200,1.3650441253941752,5.0
1069,0,0,200,1.3660505111494532,5.0
1070,0,0,200,1.3670568969047312,5.0
1071,0,0,200,1.3680632826600092,5.0
1072,0,0,200,1.3690696684152872,5.0
1073,0,0,200,1.3700760541705652,5.0
1074,0,0,200,1.3710824399258432,5.0
1075,0,0,200,1.3720888256811212,5.0
1076,0,0,200,1.3730952114363992,5.0
1077,0,0,200,1.3741015971916772,5.0
1078,0,0,200,1.3751079829469552,5.0
1079,0,0,200,1.3761143687022332,5.0
1080,0,0,200,1.3771207544575113,5.0
1081,0,0,200,1.3781271402127893,5.0
1082,0,0,200,1.3791335259680673,5.0
1083,0,0,200,1.3801399117233453,5.0
1084,0,0,200,1.3811462974786233,5.0
1085,0,0,200,1.3821526832339013,5.0
1086,0,0,200,1.3831590689891793,5.0
1087,0,0,200,1.3841654547444573,5.0
1088,0,0,200,1.3851718404997353,5.0
1089,0,0,200,1.3861782262550133,5.0
1090,0,0,200,1.3871846120102913,5.0
1091,0,0,200,1.3881909977655693,5.0
1092,0,0,200,1.3891973835208473,5.0
1093,0,0,200,1.3902037692761253,5.0
1094,0,0,200,1.3912101550314033,5.0
1095,0,0,200,1.3922165407866813,5.0
1096,0,0,200,1.3932229265419593,5.0
1097,0,0,200,1.3942293122972373,5.0
1098,0,0,200,1.3952356980525153,5.0
1099,0,0,200,1.3962420838077934,5.0
1100,0,0,200,1.3972484695630714,5.0
1101,0,0,200,1.3982548553183494,5.0
1102,0,0,200,1.3992612410736274,5.0
1103,0,0,200,1.4002676268289054,5.0
1104,0,0,200,1.4012740125841834,5.0
1105,0,0,200,1.4022803983394614,5.0
1106,0,0,200,1.4032867840947394,5.0
1107,0,0,200,1.4042931698500174,5.0
1108,0,0,200,1.4052995556052954,5.0
1109,0,0,200,1.4063059413605734,5.0
1110,0,0,200,1.4073123271158514,5.0
1111,0,0,200,1.4083187128711294,5.0
1112,0,0,200,1.4093250986264074,5.0
1113,0,0,200,1.4103314843816854,5.0
1114,0,0,200,1.4113378701369634,5.0
1115,0,0,200,1.4123442558922414,5.0
1116,0,0,200,1.4133506416475194,5.0
1117,0,0,200,1.4143570274027975,5.0
1118,0,0,200,1.4153634131580755,5.0
1119,0,0,200,1.4163697989133535,5.0
1120,0,0,200,1.4173761846686315,5.0
1121,0,0,200,1.4183825704239095,5.0
1122,0,0,200,1.4193889561791875,5.0
1123,0,0,200,1.4203953419344655,5.0
1124,0,0,200,1.4214017276897435,5.0
1125,0,0,200,1.4224081134450215,5.0
1126,0,0,200,1.4234144992002995,5.0
1127,0,0,200,1.4244208849555775,5.0
1128,0,0,200,1.4254272707108555,5.0
1129,0,0,200,1.4264336564661335,5.0
1130,0,0,200,1.4274400422214115,5.0
1131,0,0,200,1.4284464279766895,5.0
1132,0,0,200,1.4294528137319675,5.0
1133,0,0,200,1.4304591994872455,5.0
1134,0,0,200,1.4314655852425235,5.0
1135,0,0,200,1.4324719709978015,5.0
1136,0,0,200,1.4334783567530796,5.0
1137,0,0,200,1.4344847425083576,5.0
1138,0,0,200,1.4354911282636356,5.0
1139,0,0,200,1.4364975140189136,5.0
1140,0,0,200,1.4375038997741916,5.0
1141,0,0,200,1.4385102855294696,5.0
1142,0,0,200,1.4395166712847476,5.0
1143,0,0,200,1.4405230570400256,5.0
1144,0,0,200,1.4415294427953036,5.0
1145,0,0,200,1.4425358285505816,5.0
1146,0,0,200,1.4435422143058596,5.0
1147,0,0,200,1.4445486000611376,5.0
1148,0,0,200,1.4455549858164156,5.0
1149,0,0,200,1.4465613715716936,5.0
1150,0,0,200,1.4475677573269716,5.0
1151,0,0,200,1.4485741430822496,5.0
1152,0,0,200,1.4495805288375276,5.0
1153,0,0,200,1.4505869145928056,5.0
1154,0,0,200,1.4515933003480836,5.0
1155,0,0,200,1.4525996861033617,5.0
1156,0,0,200,1.4536060718586397,5.0
1157,0,0,200,1.4546124576139177,5.0
1158,0,0,200,1.4556188433691957,5.0
1159,0,0,200,1.4566252291244737,5.0
1160,0,0,200,1.4576316148797517,5.0
1161,0,0,200,1.4586380006350297,5.0
1162,0,0,200,1.4596443863903077,5.0
1163,0,0,200,1.4606507721455857,5.0
1164,0,0,200,1.4616571579008637,5.0
1165,0,0,200,1.4626635436561417,5.0
1166,0,0,200,1.4636699294114197,5.0
1167,0,0,200,1.4646763151666977,5.0
1168,0,0,200,1.4656827009219757,5.0
1169,0,0,200,1.4666890866772537,5.0
1170,0,0,200,1.4676954724325317,5.0
1171,0,0,200,1.4687018581878097,5.0
1172,0,0,200,1.4697082439430877,5.0
1173,0,0,200,1.4707146296983657,5.0
1174,0,0,200,1.4717210154536438,5.0
1175,0,0,200,1.4727274012089218,5.0
1176,0,0,200,1.4737337869641998,5.0
1177,0,0,200,1.4747401727194778,5.0
1178,0,0,200,1.4698372887194826,5.0
1179,0,0,200,1.4649344047194874,5.0
1180,0,0,200,1.4600315207194923,5.0
1181,0,0,200,1.455128636719497,5.0
1182,0,0,200,1.450225752719502,5.0
1183,0,0,200,1.4453228687195068,5.0
1184,0,0,200,1.4404199847195116,5.0
1185,0,0,200,1.4355171007195164,5.0
1186,0,0,200,1.4306142167195213,5.0
1187,0,0,200,1.425711332719526,5.0
1188,0,0,200,1.420808448719531,5.0
1189,0,0,200,1.4159055647195358,5.0
1190,0,0,200,1.4110026807195406,5.0
1191,0,0,200,1.4060997967195454,5.0
1192,0,0,200,1.4011969127195503,5.0
1193,0,0,200,1.396294028719555,5.0
1194,0,0,200,1.39139114471956,5.0
1195,0,0,200,1.3864882607195648,5.0
1196,0,0,200,1.3815853767195696,5.0
1197,0,0,200,1.3766824927195744,5.0
1198,0,0,200,1.3717796087195793,5.0
1199,0,0,200,1.3719866529197868,5.0
1200,0,0,200,1.3721936971199944,5.0
1201,0,0,200,1.372400741320202,5.0
1202,0,0,200,1.3726077855204095,5.0
1203,0,0,200,1.372814829720617,5.0
1204,0,0,200,1.3730218739208246,5.0
1205,0,0,200,1.3732289181210322,5.0
1206,0,0,200,1.3734359623212398,5.0
1207,0,0,200,1.3736430065214473,5.0
1208,0,0,200,1.373850050721655,5.0
1209,0,0,200,1.3740570949218625,5.0
1210,0,0,200,1.37426413912207,5.0
1211,0,0,200,1.3744711833222776,5.0
1212,0,0,200,1.3746782275224851,5.0
1213,0,0,200,1.3748852717226927,5.0
1214,0,0,200,1.3750923159229003,5.0
1215,0,0,200,1.3752993601231078,5.0
1216,0,0,200,1.3755064043233154,5.0
1217,0,0,200,1.375713448523523,5.0
1218,0,0,200,1.3759204927237305,5.0
1219,0,0,200,1.376127536923938,5.0
1220,0,0,200,1.3763345811241456,5.0
1221,0,0,200,1.3765416253243532,5.0
1222,0,0,200,1.3767486695245608,5.0
1223,0,0,200,1.3769557137247683,5.0
1224,0,0,200,1.3771627579249759,5.0
1225,0,0,200,1.3773698021251835,5.0
1226,0,0,200,1.377576846325391,5.0
1227,0,0,200,1.3777838905255986,5.0
1228,0,0,200,1.3779909347258061,5.0
1229,0,0,200,1.3781979789260137,5.0
1230,0,0,200,1.3784050231262213,5.0
1231,0,0,200,1.3786120673264288,5.0
1232,0,0,200,1.3788191115266364,5.0
1233,0,0,200,1.379026155726844,5.0
1234,0,0,200,1.3792331999270515,5.0
1235,0,0,200,1.379440244127259,5.0
1236,0,0,200,1.3796472883274666,5.0
1237,0,0,200,1.3798543325276742,5.0
1238,0,0,200,1.3800613767278818,5.0
1239,0,0,200,1.3802684209280893,5.0
1240,0,0,200,1.3804754651282969,5.0
1241,0,0,200,1.3806825093285044,5.0
1242,0,0,200,1.380889553528712,5.0
1243,0,0,200,1.3810965977289196,5.0
1244,0,0,200,1.3813036419291271,5.0
1245,0,0,200,1.3815106861293347,5.0
1246,0,0,200,1.3817177303295423,5.0
1247,0,0,200,1.3819247745297498,5.0
1248,0,0,200,1.3821318187299574,5.0
1249,0,0,200,1.382338862930165,5.0
1250,0,0,200,1.3825459071303725,5.0
1251,0,0,200,1.38275295133058,5.0
1252,0,0,200,1.3829599955307876,5.0
1253,0,0,200,1.3831670397309952,5.0
1254,0,0,200,1.3833740839312028,5.0
1255,0,0,200,1.3835811281314103,5.0
1256,0,0,200,1.3837881723316179,5.0
1257,0,0,200,1.3839952165318254,5.0
1258,0,0,200,1.384202260732033,5.0
1259,0,0,200,1.3844093049322406,5.0
1260,0,0,200,1.3846163491324481,5.0
1261,0,0,200,1.3848233933326557,5.0
1262,0,0,200,1.3850304375328633,5.0
1263,0,0,200,1.3852374817330708,5.0
1264,0,0,200,1.3854445259332784,5.0
1265,0,0,200,1.385651570133486,5.0
1266,0,0,200,1.3858586143336935,5.0
1267,0,0,200,1.386065658533901,5.0
1268,0,0,200,1.3862727027341086,5.0
1269,0,0,200,1.3864797469343162,5.0
1270,0,0,200,1.3866867911345238,5.0
1271,0,0,200,1.3868938353347313,5.0
1272,0,0,200,1.3871008795349389,5.0
1273,0,0,200,1.3873079237351464,5.0
1274,0,0,200,1.387514967935354,5.0
1275,0,0,200,1.3877220121355616,5.0
1276,0,0,200,1.3879290563357691,5.0
1277,0,0,200,1.3881361005359767,5.0
1278,0,0,200,1.3883431447361843,5.0
1279,0,0,200,1.3885501889363918,5.0
1280,0,0,200,1.3887572331365994,5.0
1281,0,0,200,1.388964277336807,5.0
1282,0,0,200,1.3891713215370145,5.0
1283,0,0,200,1.389378365737222,5.0
1284,0,0,200,1.3895854099374296,5.0
1285,0,0,200,1.3897924541376372,5.0
1286,0,0,200,1.3899994983378448,5.0
1287,0,0,200,1.3902065425380523,5.0
1288,0,0,200,1.3904135867382599,5.0
1289,0,0,200,1.3906206309384674,5.0
1290,0,0,200,1.390827675138675,5.0
1291,0,0,200,1.3910347193388826,5.0
1292,0,0,200,1.3912417635390901,5.0
1293,0,0,200,1.3914488077392977,5.0
1294,0,0,200,1.3916558519395053,5.0
1295,0,0,200,1.3918628961397128,5.0
1296,0,0,200,1.3920699403399204,5.0
1297,0,0,200,1.392276984540128,5.0
1298,0,0,200,1.3924840287403355,5.0
1299,0,0,200,1.392691072940543,5.0
1300,0,0,200,1.3928981171407506,5.0
1301,0,0,200,1.3931051613409582,5.0
1302,0,0,200,1.3933122055411657,5.0
1303,0,0,200,1.3935192497413733,5.0
1304,0,0,200,1.3937262939415809,5.0
1305,0,0,200,1.3939333381417884,5.0
1306,0,0,200,1.394140382341996,5.0
1307,0,0,200,1.3943474265422036,5.0
1308,0,0,200,1.3945544707424111,5.0
1309,0,0,200,1.3947615149426187,5.0
1310,0,0,200,1.3949685591428262,5.0
1311,0,0,200,1.3951756033430338,5.0
1312,0,0,200,1.3953826475432414,5.0
1313,0,0,200,1.395589691743449,5.0
1314,0,0,200,1.3957967359436565,5.0
1315,0,0,200,1.396003780143864,5.0
1316,0,0,200,1.3962108243440716,5.0
1317,0,0,200,1.3964178685442792,5.0
1318,0,0,200,1.3966249127444867,5.0
1319,0,0,200,1.3968319569446943,5.0
1320,0,0,200,1.3970390011449019,5.0
1321,0,0,200,1.3972460453451094,5.0
1322,0,0,200,1.397453089545317,5.0
1323,0,0,200,1.3976601337455246,5.0
1324,0,0,200,1.3978671779457321,5.0
1325,0,0,200,1.3980742221459397,5.0
1326,0,0,200,1.3982812663461472,5.0
1327,0,0,200,1.3984883105463548,5.0
1328,0,0,200,1.3986953547465624,5.0
1329,0,0,200,1.39890239894677,5.0
1330,0,0,200,1.3991094431469775,5.0
1331,0,0,200,1.399316487347185,5.0
1332,0,0,200,1.3995235315473926,5.0
1333,0,0,200,1.3997305757476002,5.0
1334,0,0,200,1.3999376199478077,5.0
1335,0,0,200,1.4001446641480153,5.0
1336,0,0,200,1.4003517083482229,5.0
1337,0,0,200,1.4005587525484304,5.0
1338,0,0,200,1.400765796748638,5.0
1339,0,0,200,1.4009728409488456,5.0
1340,0,0,200,1.4011798851490531,5.0
1341,0,0,200,1.4013869293492607,5.0
1342,0,0,200,1.4015939735494682,5.0
1343,0,0,200,1.4018010177496758,5.0
1344,0,0,200,1.4020080619498834,5.0
1345,0,0,200,1.402215106150091,5.0
1346,0,0,200,1.4024221503502985,5.0
1347,0,0,200,1.402629194550506,5.0
1348,0,0,200,1.4028362387507136,5.0
1349,0,0,200,1.3979333547507184,5.0
1350,0,0,200,1.3930304707507233,5.0
1351,0,0,200,1.3881275867507281,5.0
1352,0,0,200,1.383224702750733,5.0
1353,0,0,200,1.3783218187507378,5.0
1354,0,0,200,1.3734189347507426,5.0
1355,0,0,200,1.3685160507507474,5.0
1356,0,0,200,1.3636131667507523,5.0
1357,0,0,200,1.3587102827507571,5.0
1358,0,0,200,1.353807398750762,5.0
1359,0,0,200,1.3489045147507668,5.0
1360,0,0,200,1.3440016307507716,5.0
1361,0,0,200,1.3390987467507764,5.0
1362,0,0,200,1.3341958627507813,5.0
1363,0,0,200,1.3292929787507861,5.0
1364,0,0,200,1.324390094750791,5.0
1365,0,0,200,1.3194872107507958,5.0
1366,0,0,200,1.3145843267508006,5.0
1367,0,0,200,1.3096814427508054,5.0
1368,0,0,200,1.3047785587508103,5.0
1369,0,0,200,1.2998756747508151,5.0
1370,0,0,200,1.3008820605060931,5.0
1371,0,0,200,1.3018884462613711,5.0
1372,0,0,200,1.3028948320166491,5.0
1373,0,0,200,1.3039012177719271,5.0
1374,0,0,200,1.3049076035272051,5.0
1375,0,0,200,1.3059139892824831,5.0
1376,0,0,200,1.3069203750377612,5.0
1377,0,0,200,1.3079267607930392,5.0
1378,0,0,200,1.3089331465483172,5.0
1379,0,0,200,1.3099395323035952,5.0
1380,0,0,200,1.3109459180588732,5.0
1381,0,0,200,1.3119523038141512,5.0
1382,0,0,200,1.3129586895694292,5.0
1383,0,0,200,1.3139650753247072,5.0
1384,0,0,200,1.3149714610799852,5.0
1385,0,0,200,1.3159778468352632,5.0
1386,0,0,200,1.3169842325905412,5.0
1387,0,0,200,1.3179906183458192,5.0
1388,0,0,200,1.3189970041010972,5.0
1389,0,0,200,1.3200033898563752,5.0
1390,0,0,200,1.3210097756116532,5.0
1391,0,0,200,1.3220161613669312,5.0
1392,0,0,200,1.317113277366936,5.0
1393,0,0,200,1.312210393366941,5.0
1394,0,0,200,1.3073075093669457,5.0
1395,0,0,200,1.3024046253669506,5.0
1396,0,0,200,1.2975017413669554,5.0
1397,0,0,200,1.2925988573669602,5.0
1398,0,0,200,1.287695973366965,5.0
1399,0,0,200,1.28279308936697,5.0
1400,0,0,200,1.2778902053669747,5.0
1401,0,0,200,1.2729873213669796,5.0
1402,0,0,200,1.2680844373669844,5.0
1403,0,0,200,1.2631815533669892,5.0
1404,0,0,200,1.258278669366994,5.0
1405,0,0,200,1.253375785366999,5.0
1406,0,0,200,1.2484729013670037,5.0
1407,0,0,200,1.2435700173670086,5.0
1408,0,0,200,1.2386671333670134,5.0
1409,0,0,200,1.2337642493670182,5.0
1410,0,0,200,1.228861365367023,5.0
1411,0,0,200,1.223958481367028,5.0
1412,0,0,200,1.2190555973670327,5.0
1413,0,0,200,1.2192626415672403,5.0
1414,0,0,200,1.2194696857674479,5.0
1415,0,0,200,1.2196767299676554,5.0
1416,0,0,200,1.219883774167863,5.0
1417,0,0,200,1.2200908183680705,5.0
1418,0,0,200,1.220297862568278,5.0
1419,0,0,200,1.2205049067684857,5.0
1420,0,0,200,1.2207119509686932,5.0
1421,0,0,200,1.2209189951689008,5.0
1422,0,0,200,1.2211260393691084,5.0
1423,0,0,200,1.221333083569316,5.0
1424,0,0,200,1.2215401277695235,5.0
1425,0,0,200,1.221747171969731,5.0
1426,0,0,200,1.2219542161699386,5.0
1427,0,0,200,1.2221612603701462,5.0
1428,0,0,200,1.2223683045703537,5.0
1429,0,0,200,1.2225753487705613,5.0
1430,0,0,200,1.2227823929707688,5.0
1431,0,0,200,1.2229894371709764,5.0
1432,0,0,200,1.223196481371184,5.0
1433,0,0,200,1.2234035255713915,5.0
1434,0,0,200,1.223610569771599,5.0
1435,0,0,200,1.2238176139718067,5.0
1436,0,0,200,1.2240246581720142,5.0
1437,0,0,200,1.2242317023722218,5.0
1438,0,0,200,1.2244387465724293,5.0
1439,0,0,200,1.224645790772637,5.0
1440,0,0,200,1.2248528349728445,5.0
1441,0,0,200,1.225059879173052,5.0
1442,0,0,200,1.2252669233732596,5.0
1443,0,0,200,1.2254739675734672,5.0
1444,0,0,200,1.2256810117736747,5.0
1445,0,0,200,1.2258880559738823,5.0
1446,0,0,200,1.2260951001740898,5.0
1447,0,0,200,1.2263021443742974,5.0
1448,0,0,200,1.226509188574505,5.0
1449,0,0,200,1.2267162327747125,5.0
1450,0,0,200,1.22692327697492,5.0
1451,0,0,200,1.2271303211751277,5.0
1452,0,0,200,1.2273373653753352,5.0
1453,0,0,200,1.2275444095755428,5.0
1454,0,0,200,1.2277514537757503,5.0
1455,0,0,200,1.227958497975958,5.0
1456,0,0,200,1.2281655421761655,5.0
1457,0,0,200,1.228372586376373,5.0
1458,0,0,200,1.2285796305765806,5.0
1459,0,0,200,1.2287866747767882,5.0
1460,0,0,200,1.2289937189769957,5.0
1461,0,0,200,1.2292007631772033,5.0
1462,0,0,200,1.2294078073774108,5.0
1463,0,0,200,1.2245049233774157,5.0
1464,0,0,200,1.2196020393774205,5.0
1465,0,0,200,1.2146991553774253,5.0
1466,0,0,200,1.2097962713774302,5.0
1467,0,0,200,1.204893387377435,5.0
1468,0,0,200,1.1999905033774398,5.0
1469,0,0,200,1.1950876193774447,5.0
1470,0,0,200,1.1901847353774495,5.0
1471,0,0,200,1.1852818513774543,5.0
1472,0,0,200,1.1803789673774592,5.0
1473,0,0,200,1.175476083377464,5.0
1474,0,0,200,1.1705731993774688,5.0
1475,0,0,200,1.1656703153774737,5.0
1476,0,0,200,1.1607674313774785,5.0
1477,0,0,200,1.1558645473774833,5.0
1478,0,0,200,1.1509616633774882,5.0
1479,0,0,200,1.146058779377493,5.0
1480,0,0,200,1.1411558953774978,5.0
1481,0,0,200,1.1362530113775027,5.0
1482,0,0,200,1.1313501273775075,5.0
1483,0,0,200,1.1264472433775123,5.0
1484,0,0,200,1.1274536291327903,5.0
1485,0,0,200,1.1284600148880684,5.0
1486,0,0,200,1.1294664006433464,5.0
1487,0,0,200,1.1304727863986244,5.0
1488,0,0,200,1.1314791721539024,5.0
1489,0,0,200,1.1324855579091804,5.0
1490,0,0,200,1.1334919436644584,5.0
1491,0,0,200,1.1344983294197364,5.0
1492,0,0,200,1.1355047151750144,5.0
1493,0,0,200,1.1365111009302924,5.0
1494,0,0,200,1.1375174866855704,5.0
1495,0,0,200,1.1385238724408484,5.0
1496,0,0,200,1.1395302581961264,5.0
1497,0,0,200,1.1405366439514044,5.0
1498,0,0,200,1.1415430297066824,5.0
1499,0,0,200,1.1425494154619604,5.0
1500,0,0,200,1.1435558012172384,5.0
1501,0,0,200,1.1445621869725164,5.0
1502,0,0,200,1.1455685727277944,5.0
1503,0,0,200,1.1465749584830724,5.0
1504,0,0,200,1.1475813442383505,5.0
1505,0,0,200,1.1485877299936285,5.0
1506,0,0,200,1.1495941157489065,5.0
1507,0,0,200,1.1506005015041845,5.0
1508,0,0,200,1.1516068872594625,5.0
1509,0,0,200,1.1526132730147405,5.0
1510,0,0,200,1.1536196587700185,5.0
1511,0,0,200,1.1546260445252965,5.0
1512,0,0,200,1.1556324302805745,5.0
1513,0,0,200,1.1566388160358525,5.0
1514,0,0,200,1.1576452017911305,5.0
1515,0,0,200,1.1586515875464085,5.0
1516,0,0,200,1.1596579733016865,5.0
1517,0,0,200,1.1606643590569645,5.0
1518,0,0,200,1.1616707448122425,5.0
1519,0,0,200,1.1626771305675205,5.0
1520,0,0,200,1.1636835163227985,5.0
1521,0,0,200,1.1646899020780765,5.0
1522,0,0,200,1.1656962878333545,5.0
1523,0,0,200,1.1667026735886326,5.0
1524,0,0,200,1.1677090593439106,5.0
1525,0,0,200,1.1687154450991886,5.0
1526,0,0,200,1.1697218308544666,5.0
1527,0,0,200,1.1707282166097446,5.0
1528,0,0,200,1.1717346023650226,5.0
1529,0,0,200,1.1727409881203006,5.0
1530,0,0,200,1.1737473738755786,5.0
1531,0,0,200,1.1747537596308566,5.0
1532,0,0,200,1.1757601453861346,5.0
1533,0,0,200,1.1767665311414126,5.0
1534,0,0,200,1.1777729168966906,5.0
1535,0,0,200,1.1787793026519686,5.0
1536,0,0,200,1.1797856884072466,5.0
1537,0,0,200,1.1807920741625246,5.0
1538,0,0,200,1.1817984599178026,5.0
1539,0,0,200,1.1828048456730806,5.0
1540,0,0,200,1.1838112314283586,5.0
1541,0,0,200,1.1848176171836367,5.0
1542,0,0,200,1.1858240029389147,5.0
1543,0,0,200,1.1868303886941927,5.0
1544,0,0,200,1.1878367744494707,5.0
1545,0,0,200,1.1888431602047487,5.0
1546,0,0,200,1.1898495459600267,5.0
1547,0,0,200,1.1908559317153047,5.0
1548,0,0,200,1.1918623174705827,5.0
1549,0,0,200,1.1928687032258607,5.0
1550,0,0,200,1.1938750889811387,5.0
1551,0,0,200,1.1948814747364167,5.0
1552,0,0,200,1.1958878604916947,5.0
1553,0,0,200,1.1968942462469727,5.0
1554,0,0,200,1.1979006320022507,5.0
1555,0,0,200,1.1989070177575287,5.0
1556,0,0,200,1.1999134035128067,5.0
1557,0,0,200,1.2009197892680847,5.0
1558,0,0,200,1.2019261750233627,5.0
1559,0,0,200,1.2029325607786407,5.0
1560,0,0,200,1.2039389465339188,5.0
1561,0,0,200,1.2049453322891968,5.0
1562,0,0,200,1.2059517180444748,5.0
1563,0,0,200,1.2069581037997528,5.0
1564,0,0,200,1.2056876847888665,5.0
1565,0,0,200,1.203050328895595,5.0
1566,0,0,200,1.2004129730023234,5.0
1567,0,0,200,1.197775617109052,5.0
1568,0,0,200,1.1951382612157804,5.0
1569,0,0,200,1.1925009053225089,5.0
1570,0,0,200,1.1898635494292373,5.0
1571,0,0,200,1.1872261935359658,5.0
1572,0,0,200,1.1845888376426943,5.0
1573,0,0,200,1.1819514817494228,5.0
1574,0,0,200,1.1793141258561513,5.0
1575,0,0,200,1.1766767699628797,5.0
1576,0,0,200,1.1740394140696082,5.0
1577,0,0,200,1.1714020581763367,5.0
1578,0,0,200,1.1687647022830652,5.0
1579,0,0,200,1.1661273463897937,5.0
1580,0,0,200,1.1634899904965221,5.0
1581,0,0,200,1.1608526346032506,5.0
1582,0,0,200,1.158215278709979,5.0
1583,0,0,200,1.1555779228167076,5.0
1584,0,0,200,1.152940566923436,5.0
1585,0,0,200,1.1503032110301645,5.0
1586,0,0,200,1.147665855136893,5.0
1587,0,0,200,1.1450284992436215,5.0
1588,0,0,200,1.14239114335035,5.0
1589,0,0,200,1.1397537874570784,5.0
1590,0,0,200,1.137116431563807,5.0
1591,0,0,200,1.1344790756705354,5.0
1592,0,0,200,1.1318417197772639,5.0
1593,0,0,200,1.1292043638839924,5.0
1594,0,0,200,1.1265670079907208,5.0
1595,0,0,200,1.1228494239907205,5.0
1596,0,0,200,1.1191318399907202,5.0
1597,0,0,200,1.1154142559907199,5.0
1598,0,0,200,1.1116966719907195,5.0
1599,0,0,200,1.1079790879907192,5.0
1600,0,0,200,1.1042615039907189,5.0
1601,0,0,200,1.1005439199907185,5.0
1602,0,0,200,1.0968263359907182,5.0
1603,0,0,200,1.0931087519907179,5.0
1604,0,0,200,1.0893911679907176,5.0
1605,0,0,200,1.0856735839907172,5.0
1606,0,0,200,1.081955999990717,5.0
1607,0,0,200,1.0782384159907166,5.0
1608,0,0,200,1.0745208319907162,5.0
1609,0,0,200,1.070803247990716,5.0
1610,0,0,200,1.0670856639907156,5.0
1611,0,0,200,1.0633680799907153,5.0
1612,0,0,200,1.059650495990715,5.0
1613,0,0,200,1.0559329119907146,5.0
1614,0,0,200,1.0522153279907143,5.0
1615,0,0,200,1.048497743990714,5.0
1616,0,0,200,1.0499310949858434,5.0
1617,0,0,200,1.0513644459809728,5.0
1618,0,0,200,1.0527977969761022,5.0
1619,0,0,200,1.0542311479712316,5.0
1620,0,0,200,1.055664498966361,5.0
1621,0,0,200,1.0570978499614905,5.0
1622,0,0,200,1.05853120095662,5.0
1623,0,0,200,1.0599645519517493,5.0
1624,0,0,200,1.0613979029468787,5.0
1625,0,0,200,1.0628312539420082,5.0
1626,0,0,200,1.0642646049371376,5.0
1627,0,0,200,1.065697955932267,5.0
1628,0,0,200,1.0671313069273964,5.0
1629,0,0,200,1.0685646579225259,5.0
1630,0,0,200,1.0699980089176553,5.0
1631,0,0,200,1.0714313599127847,5.0
1632,0,0,200,1.0728647109079141,5.0
1633,0,0,200,1.0742980619030436,5.0
1634,0,0,200,1.075731412898173,5.0
1635,0,0,200,1.0771647638933024,5.0
1636,0,0,200,1.0785981148884318,5.0
1637,0,0,200,1.0800314658835612,5.0
1638,0,0,200,1.0814648168786907,5.0
1639,0,0,200,1.08289816787382,5.0
1640,0,0,200,1.0843315188689495,5.0
1641,0,0,200,1.085764869864079,5.0
1642,0,0,200,1.0871982208592084,5.0
1643,0,0,200,1.0886315718543378,5.0
1644,0,0,200,1.0900649228494672,5.0
1645,0,0,200,1.0914982738445966,5.0
1646,0,0,200,1.092931624839726,5.0
1647,0,0,200,1.0943649758348555,5.0
1648,0,0,200,1.095798326829985,5.0
1649,0,0,200,1.0972316778251143,5.0
1650,0,0,200,1.0986650288202437,5.0
1651,0,0,200,1.1000983798153732,5.0
1652,0,0,200,1.1015317308105026,5.0
1653,0,0,200,1.102965081805632,5.0
1654,0,0,200,1.1043984328007614,5.0
1655,0,0,200,1.1058317837958909,5.0
1656,0,0,200,1.1072651347910203,5.0
1657,0,0,200,1.1086984857861497,5.0
1658,0,0,200,1.1101318367812791,5.0
1659,0,0,200,1.1115651877764086,5.0
1660,0,0,200,1.112998538771538,5.0
1661,0,0,200,1.1144318897666674,5.0
1662,0,0,200,1.1158652407617968,5.0
1663,0,0,200,1.1172985917569263,5.0
1664,0,0,200,1.1187319427520557,5.0
1665,0,0,200,1.120165293747185,5.0
1666,0,0,200,1.1215986447423145,5.0
1667,0,0,200,1.123031995737444,5.0
1668,0,0,200,1.1244653467325734,5.0
1669,0,0,200,1.1258986977277028,5.0
1670,0,0,200,1.1273320487228322,5.0
1671,0,0,200,1.1287653997179616,5.0
1672,0,0,200,1.130198750713091,5.0
1673,0,0,200,1.1316321017082205,5.0
1674,0,0,200,1.13306545270335,5.0
1675,0,0,200,1.1344988036984793,5.0
1676,0,0,200,1.1359321546936088,5.0
1677,0,0,200,1.1373655056887382,5.0
1678,0,0,200,1.1387988566838676,5.0
1679,0,0,200,1.140232207678997,5.0
1680,0,0,200,1.1416655586741264,5.0
1681,0,0,200,1.1430989096692559,5.0
1682,0,0,200,1.1445322606643853,5.0
1683,0,0,200,1.1459656116595147,5.0
1684,0,0,200,1.1473989626546441,5.0
1685,0,0,200,1.1488323136497736,5.0
1686,0,0,200,1.1498956364282094,5.0
1687,0,0,200,1.150102680628417,5.0
1688,0,0,200,1.1503097248286245,5.0
1689,0,0,200,1.150516769028832,5.0
1690,0,0,200,1.1507238132290396,5.0
1691,0,0,200,1.1458209292290444,5.0
1692,0,0,200,1.1409180452290493,5.0
1693,0,0,200,1.136015161229054,5.0
1694,0,0,200,1.131112277229059,5.0
1695,0,0,200,1.1262093932290638,5.0
1696,0,0,200,1.1213065092290686,5.0
1697,0,0,200,1.1164036252290734,5.0
1698,0,0,200,1.1115007412290783,5.0
1699,0,0,200,1.106597857229083,5.0
1700,0,0,200,1.101694973229088,5.0
1701,0,0,200,1.0967920892290928,5.0
1702,0,0,200,1.0918892052290976,5.0
1703,0,0,200,1.0869863212291024,5.0
1704,0,0,200,1.0820834372291073,5.0
1705,0,0,200,1.077180553229112,5.0
1706,0,0,200,1.072277669229117,5.0
1707,0,0,200,1.0673747852291218,5.0
1708,0,0,200,1.0624719012291266,5.0
1709,0,0,200,1.0575690172291314,5.0
1710,0,0,200,1.0526661332291363,5.0
1711,0,0,200,1.047763249229141,5.0
1712,0,0,200,1.048769634984419,5.0
1713,0,0,200,1.0497760207396971,5.0
1714,0,0,200,1.0507824064949751,5.0
1715,0,0,200,1.0517887922502531,5.0
1716,0,0,200,1.0527951780055311,5.0
1717,0,0,200,1.0538015637608091,5.0
1718,0,0,200,1.0548079495160871,5.0
1719,0,0,200,1.0558143352713651,5.0
1720,0,0,200,1.05419360158597,5.0
1721,0,0,200,1.0515562456926986,5.0
1722,0,0,200,1.048918889799427,5.0
1723,0,0,200,1.0462815339061555,5.0
1724,0,0,200,1.043644178012884,5.0
1725,0,0,200,1.0410068221196125,5.0
1726,0,0,200,1.038369466226341,5.0
1727,0,0,200,1.0357321103330694,5.0
1728,0,0,200,1.033094754439798,5.0
1729,0,0,200,1.0304573985465264,5.0
1730,0,0,200,1.0278200426532549,5.0
1731,0,0,200,1.0251826867599834,5.0
1732,0,0,200,1.0225453308667118,5.0
1733,0,0,200,1.0199079749734403,5.0
1734,0,0,200,1.0172706190801688,5.0
1735,0,0,200,1.0146332631868973,5.0
1736,0,0,200,1.0119959072936258,5.0
1737,0,0,200,1.0093585514003542,5.0
1738,0,0,200,1.0067211955070827,5.0
1739,0,0,200,1.0040838396138112,5.0
1740,0,0,200,1.0014464837205397,5.0
1741,0,0,200,0.9988091278272682,5.0
1742,0,0,200,0.9961717719339966,5.0
1743,0,0,200,0.9935344160407251,5.0
1744,0,0,200,0.9908970601474536,5.0
1745,0,0,200,0.9882597042541821,5.0
1746,0,0,200,0.9856223483609106,5.0
1747,0,0,200,0.982984992467639,5.0
1748,0,0,200,0.9803476365743675,5.0
1749,0,0,200,0.977710280681096,5.0
1750,0,0,200,0.9750729247878245,5.0
1751,0,0,200,0.972435568894553,5.0
1752,0,0,200,0.9697982130012814,5.0
1753,0,0,200,0.9671608571080099,5.0
1754,0,0,200,0.9645235012147384,5.0
1755,0,0,200,0.9618861453214669,5.0
1756,0,0,200,0.9592487894281954,5.0
1757,0,0,200,0.9566114335349238,5.0
1758,0,0,200,0.9539740776416523,5.0
1759,0,0,200,0.9513367217483808,5.0
1760,0,0,200,0.9486993658551093,5.0
1761,0,0,200,0.9460620099618378,5.0
1762,0,0,200,0.9434246540685662,5.0
1763,0,0,200,0.9407872981752947,5.0
1764,0,0,200,0.9381499422820232,5.0
1765,0,0,200,0.9355125863887517,5.0
1766,0,0,200,0.9328752304954802,5.0
1767,0,0,200,0.9302378746022086,5.0
1768,0,0,200,0.9276005187089371,5.0
1769,0,0,200,0.9249631628156656,5.0
1770,0,0,200,0.9223258069223941,5.0
1771,0,0,200,0.9196884510291226,5.0
1772,0,0,200,0.917051095135851,5.0
1773,0,0,200,0.9144137392425795,5.0
1774,0,0,200,0.911776383349308,5.0
1775,0,0,200,0.9091390274560365,5.0
1776,0,0,200,0.906501671562765,5.0
1777,0,0,200,0.9038643156694934,5.0
1778,0,0,200,0.9012269597762219,5.0
1779,0,0,200,0.8985896038829504,5.0
1780,0,0,200,0.8959522479896789,5.0
1781,0,0,200,0.8933148920964074,5.0
1782,0,0,200,0.8906775362031358,5.0
1783,0,0,200,0.8880401803098643,5.0
1784,0,0,200,0.8854028244165928,5.0
1785,0,0,200,0.8827654685233213,5.0
1786,0,0,200,0.8801281126300498,5.0
1787,0,0,200,0.8774907567367782,5.0
1788,0,0,200,0.8748534008435067,5.0
1789,0,0,200,0.8722160449502352,5.0
1790,0,0,200,0.8695786890569637,5.0
1791,0,0,200,0.8669413331636922,5.0
1792,0,0,200,0.8643039772704206,5.0
1793,0,0,200,0.8616666213771491,5.0
1794,0,0,200,0.8590292654838776,5.0
1795,0,0,200,0.8563919095906061,5.0
1796,0,0,200,0.8537545536973346,5.0
1797,0,0,200,0.851117197804063,5.0
1798,0,0,200,0.8484798419107915,5.0
1799,0,0,200,0.84584248601752,5.0
1800,0,0,200,0.8432051301242485,5.0
1801,0,0,200,0.840567774230977,5.0
1802,0,0,200,0.8379304183377054,5.0
1803,0,0,200,0.8352930624444339,5.0
1804,0,0,200,0.8326557065511624,5.0
1805,0,0,200,0.8300183506578909,5.0
1806,0,0,200,0.8273809947646193,5.0
1807,0,0,200,0.8247436388713478,5.0
1808,0,0,200,0.8221062829780763,5.0
1809,0,0,200,0.8194689270848048,5.0
1810,0,0,200,0.8168315711915333,5.0
1811,0,0,200,0.8141942152982617,5.0
1812,0,0,200,0.8115568594049902,5.0
1813,0,0,200,0.8089195035117187,5.0
1814,0,0,200,0.8062821476184472,5.0
1815,0,0,200,0.8036447917251757,5.0
1816,0,0,200,0.8010074358319041,5.0
1817,0,0,200,0.7983700799386326,5.0
1818,0,0,200,0.7957327240453611,5.0
1819,0,0,200,0.7930953681520896,5.0
1820,0,0,200,0.7904580122588181,5.0
1821,0,0,200,0.7878206563655465,5.0
1822,0,0,200,0.785183300472275,5.0
1823,0,0,200,0.7825459445790035,5.0
1824,0,0,200,0.779908588685732,5.0
1825,0,0,200,0.7772712327924605,5.0
1826,0,0,200,0.774633876899189,5.0
1827,0,0,200,0.7719965210059174,5.0
1828,0,0,200,0.7693591651126459,5.0
1829,0,0,200,0.7667218092193744,5.0
1830,0,0,200,0.7640844533261029,5.0
1831,0,0,200,0.7614470974328313,5.0
1832,0,0,200,0.7588097415395598,5.0
1833,0,0,200,0.7561723856462883,5.0
1834,0,0,200,0.7535350297530168,5.0
1835,0,0,200,0.7508976738597453,5.0
1836,0,0,200,0.7482603179664737,5.0
1837,0,0,200,0.7456229620732022,5.0
1838,0,0,200,0.7429856061799307,5.0
1839,0,0,200,0.7403482502866592,5.0
1840,0,0,200,0.7377108943933877,5.0
1841,0,0,200,0.7350735385001161,5.0
1842,0,0,200,0.7324361826068446,5.0
1843,0,0,200,0.7297988267135731,5.0
1844,0,0,200,0.7271614708203016,5.0
1845,0,0,200,0.7245241149270301,5.0
1846,0,0,200,0.7218867590337585,5.0
1847,0,0,200,0.719249403140487,5.0
1848,0,0,200,0.7166120472472155,5.0
1849,0,0,200,0.713974691353944,5.0
1850,0,0,200,0.7113373354606725,5.0
1851,0,0,200,0.7086999795674009,5.0
1852,0,0,200,0.7060626236741294,5.0
1853,0,0,200,0.7034252677808579,5.0
1854,0,0,200,0.7007879118875864,5.0
1855,0,0,200,0.6981505559943149,5.0
1856,0,0,200,0.6955132001010433,5.0
1857,0,0,200,0.6928758442077718,5.0
1858,0,0,200,0.6902384883145003,5.0
1859,0,0,200,0.6876011324212288,5.0
1860,0,0,200,0.6849637765279573,5.0
1861,0,0,200,0.6823264206346857,5.0
1862,0,0,200,0.6796890647414142,5.0
1863,0,0,200,0.6770517088481427,5.0
1864,0,0,200,0.6744143529548712,5.0
1865,0,0,200,0.6717769970615997,5.0
1866,0,0,200,0.6691396411683281,5.0
1867,0,0,200,0.6665022852750566,5.0
1868,0,0,200,0.6638649293817851,5.0
1869,0,0,200,0.6612275734885136,5.0
1870,0,0,200,0.6585902175952421,5.0
1871,0,0,200,0.6559528617019705,5.0
1872,0,0,200,0.653315505808699,5.0
1873,0,0,200,0.6506781499154275,5.0
1874,0,0,200,0.648040794022156,5.0
1875,0,0,200,0.6454034381288845,5.0
1876,0,0,200,0.6427660822356129,5.0
1877,0,0,200,0.6401287263423414,5.0
1878,0,0,200,0.6374913704490699,5.0
1879,0,0,200,0.6348540145557984,5.0
1880,0,0,200,0.6322166586625269,5.0
1881,0,0,200,0.6295793027692553,5.0
1882,0,0,200,0.6269419468759838,5.0
1883,0,0,200,0.6243045909827123,5.0
1884,0,0,200,0.6216672350894408,5.0
1885,0,0,200,0.6190298791961693,5.0
1886,0,0,200,0.6163925233028977,5.0
1887,0,0,200,0.6137551674096262,5.0
1888,0,0,200,0.6111178115163547,5.0
1889,0,0,200,0.6084804556230832,5.0
1890,0,0,200,0.6058430997298117,5.0
1891,0,0,200,0.6032057438365401,5.0
1892,0,0,200,0.6005683879432686,5.0
1893,0,0,200,0.5979310320499971,5.0
1894,0,0,200,0.5952936761567256,5.0
1895,0,0,200,0.592656320263454,5.0
1896,0,0,200,0.5900189643701825,5.0
1897,0,0,200,0.587381608476911,5.0
1898,0,0,200,0.5847442525836395,5.0
1899,0,0,200,0.582106896690368,5.0
1900,0,0,200,0.5794695407970964,5.0
1901,0,0,200,0.5768321849038249,5.0
1902,0,0,200,0.5741948290105534,5.0
1903,0,0,200,0.5715574731172819,5.0
1904,0,0,200,0.5689201172240104,5.0
1905,0,0,200,0.5662827613307388,5.0
1906,0,0,200,0.5636454054374673,5.0
1907,0,0,200,0.5610080495441958,5.0
1908,0,0,200,0.5583706936509243,5.0
1909,0,0,200,0.5557333377576528,5.0
1910,0,0,200,0.5530959818643812,5.0
1911,0,0,200,0.5504586259711097,5.0
1912,0,0,200,0.5478212700778382,5.0
1913,0,0,200,0.5451839141845667,5.0
1914,0,0,200,0.5425465582912952,5.0
1915,0,0,200,0.5399092023980236,5.0
1916,0,0,200,0.5372718465047521,5.0
1917,0,0,200,0.5346344906114806,5.0
1918,0,0,200,0.5319971347182091,5.0
1919,0,0,200,0.5293597788249376,5.0
1920,0,0,200,0.526722422931666,5.0
1921,0,0,200,0.5240850670383945,5.0
1922,0,0,200,0.521447711145123,5.0
1923,0,0,200,0.5188103552518515,5.0
1924,0,0,200,0.51617299935858,5.0
1925,0,0,200,0.5135356434653084,5.0
1926,0,0,200,0.5108982875720369,5.0
1927,0,0,200,0.5082609316787654,5.0
1928,0,0,200,0.5056235757854939,5.0
1929,0,0,200,0.5029862198922224,5.0
1930,0,0,200,0.5003488639989507,5.0
1931,0,0,200,0.49771150810567916,5.0
1932,0,0,200,0.49507415221240764,5.0
1933,0,0,200,0.4924367963191361,5.0
1934,0,0,200,0.4897994404258646,5.0
1935,0,0,200,0.4871620845325931,5.0
1936,0,0,200,0.48452472863932156,5.0
1937,0,0,200,0.48188737274605004,5.0
1938,0,0,200,0.4792500168527785,5.0
1939,0,0,200,0.476612660959507,5.0
1940,0,0,200,0.4739753050662355,5.0
1941,0,0,200,0.47133794917296395,5.0
1942,0,0,200,0.46870059327969243,5.0
1943,0,0,200,0.4660632373864209,5.0
1944,0,0,200,0.4634258814931494,5.0
1945,0,0,200,0.4607885255998779,5.0
1946,0,0,200,0.45815116970660635,5.0
1947,0,0,200,0.45551381381333483,5.0
1948,0,0,200,0.4528764579200633,5.0
1949,0,0,200,0.4502391020267918,5.0
1950,0,0,200,0.4476017461335203,5.0
1951,0,0,200,0.44496439024024875,5.0
1952,0,0,200,0.44232703434697723,5.0
1953,0,0,200,0.4396896784537057,5.0
1954,0,0,200,0.4370523225604342,5.0
1955,0,0,200,0.43441496666716267,5.0
1956,0,0,200,0.43177761077389115,5.0
1957,0,0,200,0.42914025488061963,5.0
1958,0,0,200,0.4265028989873481,5.0
1959,0,0,200,0.4238655430940766,5.0
1960,0,0,200,0.42122818720080507,5.0
1961,0,0,200,0.41859083130753355,5.0
1962,0,0,200,0.41595347541426203,5.0
1963,0,0,200,0.4133161195209905,5.0
1964,0,0,200,0.410678763627719,5.0
1965,0,0,200,0.40804140773444747,5.0
1966,0,0,200,0.40540405184117595,5.0
1967,0,0,200,0.40276669594790443,5.0
1968,0,0,200,0.4001293400546329,5.0
1969,0,0,200,0.3974919841613614,5.0
1970,0,0,200,0.39485462826808987,5.0
1971,0,0,200,0.39221727237481835,5.0
1972,0,0,200,0.38957991648154683,5.0
1973,0,0,200,0.3869425605882753,5.0
1974,0,0,200,0.3843052046950038,5.0
1975,0,0,200,0.38166784880173227,5.0
1976,0,0,200,0.37903049290846075,5.0
1977,0,0,200,0.3763931370151892,5.0
1978,0,0,200,0.3737557811219177,5.0
1979,0,0,200,0.3711184252286462,5.0
1980,0,0,200,0.36848106933537467,5.0
1981,0,0,200,0.36584371344210315,5.0
1982,0,0,200,0.3632063575488316,5.0
1983,0,0,200,0.3605690016555601,5.0
1984,0,0,200,0.3579316457622886,5.0
1985,0,0,200,0.35529428986901707,5.0
1986,0,0,200,0.35265693397574555,5.0
1987,0,0,200,0.3489393499757452,5.0
1988,0,0,200,0.3452217659757449,5.0
1989,0,0,200,0.34150418197574456,5.0
1990,0,0,200,0.33778659797574423,5.0
1991,0,0,200,0.3340690139757439,5.0
1992,0,0,200,0.33035142997574357,5.0
1993,0,0,200,0.32663384597574324,5.0
1994,0,0,200,0.3229162619757429,5.0
1995,0,0,200,0.3191986779757426,5.0
1996,0,0,200,0.31548109397574225,5.0
1997,0,0,200,0.3117635099757419,5.0
1998,0,0,200,0.3080459259757416,5.0
1999,0,0,200,0.30432834197574127,5.0
2000,0,0,200,0.30061075797574094,5.0
2001,0,0,200,0.2968931739757406,5.0
2002,0,0,200,0.2931755899757403,5.0
2003,0,0,200,0.28945800597573995,5.0
2004,0,0,200,0.2857404219757396,5.0
2005,0,0,200,0.2820228379757393,5.0
2006,0,0,200,0.27830525397573896,5.0
2007,0,0,200,0.27458766997573864,5.0
2008,0,0,200,0.27602102097086795,5.0
2009,0,0,200,0.27745437196599726,5.0
2010,0,0,200,0.27888772296112657,5.0
2011,0,0,200,0.2803210739562559,5.0
2012,0,0,200,0.2817544249513852,5.0
2013,0,0,200,0.2831877759465145,5.0
2014,0,0,200,0.2846211269416438,5.0
2015,0,0,200,0.28605447793677313,5.0
2016,0,0,200,0.28748782893190244,5.0
2017,0,0,200,0.28892117992703176,5.0
2018,0,0,200,0.29035453092216107,5.0
2019,0,0,200,0.2917878819172904,5.0
2020,0,0,200,0.2932212329124197,5.0
2021,0,0,200,0.294654583907549,5.0
2022,0,0,200,0.2960879349026783,5.0
2023,0,0,200,0.29752128589780763,5.0
2024,0,0,200,0.29895463689293694,5.0
2025,0,0,200,0.30038798788806625,5.0
2026,0,0,200,0.30182133888319557,5.0
2027,0,0,200,0.3032546898783249,5.0
2028,0,0,200,0.3046880408734542,5.0
2029,0,0,200,0.3061213918685835,5.0
2030,0,0,200,0.3075547428637128,5.0
2031,0,0,200,0.3089880938588421,5.0
2032,0,0,200,0.31042144485397144,5.0
2033,0,0,200,0.31185479584910075,5.0
2034,0,0,200,0.31328814684423006,5.0
2035,0,0,200,0.3147214978393594,5.0
2036,0,0,200,0.3161548488344887,5.0
2037,0,0,200,0.317588199829618,5.0
2038,0,0,200,0.3190215508247473,5.0
2039,0,0,200,0.3204549018198766,5.0
2040,0,0,200,0.32188825281500594,5.0
2041,0,0,200,0.32332160381013525,5.0
2042,0,0,200,0.32475495480526456,5.0
2043,0,0,200,0.3261883058003939,5.0
2044,0,0,200,0.3276216567955232,5.0
2045,0,0,200,0.3290550077906525,5.0
2046,0,0,200,0.3304883587857818,5.0
2047,0,0,200,0.3319217097809111,5.0
2048,0,0,200,0.33335506077604043,5.0
2049,0,0,200,0.33478841177116975,5.0
2050,0,0,200,0.33622176276629906,5.0
2051,0,0,200,0.33765511376142837,5.0
2052,0,0,200,0.3390884647565577,5.0
2053,0,0,200,0.340521815751687,5.0
2054,0,0,200,0.3419551667468163,5.0
2055,0,0,200,0.3433885177419456,5.0
2056,0,0,200,0.34482186873707493,5.0
2057,0,0,200,0.34625521973220424,5.0
2058,0,0,200,0.3425376357322039,5.0
2059,0,0,200,0.3388200517322036,5.0
2060,0,0,200,0.33510246773220326,5.0
2061,0,0,200,0.33138488373220293,5.0
2062,0,0,200,0.3276672997322026,5.0
2063,0,0,200,0.32394971573220227,5.0
2064,0,0,200,0.32023213173220194,5.0
2065,0,0,200,0.3165145477322016,5.0
2066,0,0,200,0.3127969637322013,5.0
2067,0,0,200,0.30907937973220095,5.0
2068,0,0,200,0.3053617957322006,5.0
2069,0,0,200,0.3016442117322003,5.0
2070,0,0,200,0.29792662773219997,5.0
2071,0,0,200,0.29420904373219964,5.0
2072,0,0,200,0.2904914597321993,5.0
2073,0,0,200,0.286773875732199,5.0
2074,0,0,200,0.28305629173219865,5.0
2075,0,0,200,0.2793387077321983,5.0
2076,0,0,200,0.275621123732198,5.0
2077,0,0,200,0.27190353973219766,5.0
2078,0,0,200,0.26818595573219733,5.0
2079,0,0,200,0.2655485998389258,5.0
2080,0,0,200,0.2629112439456543,5.0
2081,0,0,200,0.2602738880523828,5.0
2082,0,0,200,0.25763653215911125,5.0
2083,0,0,200,0.25499917626583973,5.0
2084,0,0,200,0.2523618203725682,5.0
2085,0,0,200,0.2497244644792967,5.0
2086,0,0,200,0.24708710858602517,5.0
2087,0,0,200,0.24444975269275365,5.0
2088,0,0,200,0.24181239679948213,5.0
2089,0,0,200,0.2391750409062106,5.0
2090,0,0,200,0.2365376850129391,5.0
2091,0,0,200,0.23390032911966757,5.0
2092,0,0,200,0.23126297322639605,5.0
2093,0,0,200,0.22862561733312453,5.0
2094,0,0,200,0.225988261439853,5.0
2095,0,0,200,0.2233509055465815,5.0
2096,0,0,200,0.22071354965330997,5.0
2097,0,0,200,0.21807619376003845,5.0
2098,0,0,200,0.21543883786676693,5.0
2099,0,0,200,0.2128014819734954,5.0
2100,0,0,200,0.2101641260802239,5.0
2101,0,0,200,0.20752677018695237,5.0
2102,0,0,200,0.20488941429368085,5.0
2103,0,0,200,0.20225205840040933,5.0
2104,0,0,200,0.1996147025071378,5.0
2105,0,0,200,0.1969773466138663,5.0
2106,0,0,200,0.19433999072059477,5.0
2107,0,0,200,0.19170263482732325,5.0
2108,0,0,200,0.18906527893405173,5.0
2109,0,0,200,0.1864279230407802,5.0
2110,0,0,200,0.1837905671475087,5.0
2111,0,0,200,0.18115321125423717,5.0
2112,0,0,200,0.17851585536096565,5.0
2113,0,0,200,0.17587849946769413,5.0
2114,0,0,200,0.1732411435744226,5.0
2115,0,0,200,0.1706037876811511,5.0
2116,0,0,200,0.16796643178787957,5.0
2117,0,0,200,0.16532907589460805,5.0
2118,0,0,200,0.16269172000133653,5.0
2119,0,0,200,0.160054364108065,5.0
2120,0,0,200,0.15741700821479349,5.0
2121,0,0,200,0.15477965232152197,5.0
2122,0,0,200,0.15214229642825045,5.0
2123,0,0,200,0.14950494053497893,5.0
2124,0,0,200,0.1468675846417074,5.0
2125,0,0,200,0.14423022874843588,5.0
2126,0,0,200,0.14159287285516436,5.0
2127,0,0,200,0.13895551696189284,5.0
2128,0,0,200,0.13631816106862132,5.0
2129,0,0,200,0.1336808051753498,5.0
2130,0,0,200,0.13104344928207828,5.0
2131,0,0,200,0.12840609338880676,5.0
2132,0,0,200,0.1257687374955353,5.0
2133,0,0,200,0.12313138160226435,5.0
2134,0,0,200,0.12049402570899355,5.0
2135,0,0,200,0.11785666981572275,5.0
2136,0,0,200,0.11521931392245195,5.0
2137,0,0,200,0.11258195802918115,5.0
2138,0,0,200,0.10994460213591035,5.0
2139,0,0,200,0.10730724624263956,5.0
2140,0,0,200,0.10466989034936876,5.0
2141,0,0,200,0.10203253445609796,5.0
2142,0,0,200,0.09939517856282716,5.0
2143,0,0,200,0.09675782266955636,5.0
2144,0,0,200,0.09412046677628556,5.0
2145,0,0,200,0.09148311088301476,5.0
2146,0,0,200,0.08884575498974397,5.0
2147,0,0,200,0.08620839909647317,5.0
2148,0,0,200,0.08357104320320237,5.0
2149,0,0,200,0.08093368730993157,5.0
2150,0,0,200,0.07829633141666077,5.0
2151,0,0,200,0.07565897552338997,5.0
2152,0,0,200,0.07302161963011918,5.0
2153,0,0,200,0.07038426373684838,5.0
2154,0,0,200,0.06774690784357758,5.0
2155,0,0,200,0.06510955195030678,5.0
2156,0,0,200,0.06247219605703587,5.0
2157,0,0,200,0.05983484016376471,5.0
2158,0,0,200,0.05719748427049355,5.0
2159,0,0,200,0.05456012837722239,5.0
2160,0,0,200,0.05192277248395123,5.0
2161,0,0,200,0.04928541659068007,5.0
2162,0,0,200,0.046648060697408913,5.0
2163,0,0,200,0.044010704804137754,5.0
2164,0,0,200,0.041373348910866595,5.0
2165,0,0,200,0.038735993017595435,5.0
2166,0,0,200,0.036098637124324276,5.0
2167,0,0,200,0.03346128123105312,5.0
2168,0,0,200,0.030823925337781954,5.0
2169,0,0,200,0.02818656944451079,5.0
2170,0,0,200,0.025549213551239628,5.0
2171,0,0,200,0.022911857657968465,5.0
2172,0,0,200,0.020274501764697302,5.0
2173,0,0,200,0.01763714587142614,5.0
2174,0,0,200,0.014999789978154978,5.0
2175,0,0,200,0.012362434084883817,5.0
2176,0,0,200,0.008644850084883849,5.0
2177,0,0,200,0.004927266084883845,5.0
2178,0,0,200,0.0012096820848838364,5.0
2179,0,35,200,-5.681915116163249e-06,5.0
